[
  {"english": "barn","imageData": "barn.jpg","chinese": "谷仓","pinyin": "gu-cang"},
  {"english": "basket","imageData": "basket.jpg","chinese": "篮子","pinyin": "lan-zi"},
  {"english": "bed","imageData": "bed.jpg","chinese": "被子","pinyin": "bei-zi"},
  {"english": "book","imageData": "book.jpg","chinese": "书","pinyin": "shu"},
  {"english": "camera","imageData": "camera.jpg","chinese": "相机","pinyin": "xiang-ji"},
  {"english": "chair","imageData": "chair.jpg","chinese": "yizi","pinyin": "yi-zi"},
  {"english": "doll","imageData": "doll.jpg","chinese": "娃娃","pinyin": "wa-wa"},
  {"english": "hose","imageData": "hose.jpg","chinese": "软管","pinyin": "ruan-guan"},
  {"english": "house","imageData": "house.jpg","chinese": "房子","pinyin": "fang-zi"},
  {"english": "hydrant","imageData": "hydrant.jpg","chinese": "消火栓","pinyin": "xiao-huo-shuan"},
  {"english": "markers","imageData": "markers.jpg","chinese": "标记物","pinyin": "biao-ji-wu"},
  {"english": "orchard","imageData": "orchard.jpg","chinese": "果园","pinyin": ""},
  {"english": "oregon","imageData": "oregon.jpg","chinese": "俄勒冈州","pinyin": "e-le-gang-zhou"},
  {"english": "people","imageData": "people.jpg","chinese": "人群","pinyin": "ren-qun"},

  {"english": "school","imageData": "school.jpg","chinese": "学校","pinyin": "xue-xiao"},
  {"english": "room","imageData": "room.jpg","chinese": "房间","pinyin": "fang-jian"},
  {"english": "rollercoaster","imageData": "rollercoaster.jpg","chinese": "过山车","pinyin": "guo-shan-che"},
  {"english": "scarecrow","imageData": "scarecrow.jpg","chinese": "稻草人","pinyin": "dao-cao-ren"},
  {"english": "teacher","imageData": "teacher.jpg","chinese": "老师","pinyin": "lao-shi"}
]