{
  "id": "",
  "name": "",
  "font_family": "iconfont",
  "css_prefix_text": "icon-",
  "description": "",
  "glyphs": [
    {
      "icon_id": "85298205",
      "name": "hk_refresh",
      "font_class": "hkrefresh",
      "unicode": "e624",
      "unicode_decimal": 58916
    },
    {
      "icon_id": "85298206",
      "name": "close03",
      "font_class": "close03",
      "unicode": "e612",
      "unicode_decimal": 58898
    },
    {
      "icon_id": "85298207",
      "name": "correct",
      "font_class": "correct",
      "unicode": "e71c",
      "unicode_decimal": 59164
    },
    {
      "icon_id": "85298209",
      "name": "start",
      "font_class": "start",
      "unicode": "e602",
      "unicode_decimal": 58882
    }
  ]
}
