[
  {"english": "zero","imageData": "zero.svg","chinese": "零","pinyin": "ling"},
  {"english": "one","imageData": "one.svg","chinese": "一","pinyin": "yi"},
  {"english": "two","imageData": "two.svg","chinese": "二","pinyin": "er"},
  {"english": "three","imageData": "three.svg","chinese": "三","pinyin": "san"},
  {"english": "four","imageData": "four.svg","chinese": "四","pinyin": "si"},
  {"english": "five","imageData": "five.svg","chinese": "五","pinyin": "wu"},
  {"english": "six","imageData": "six.svg","chinese": "六","pinyin": "liu"},
  {"english": "seven","imageData": "seven.svg","chinese": "七","pinyin": "qi"},
  {"english": "eight","imageData": "eight.svg","chinese": "八","pinyin": "ba"},
  {"english": "nine","imageData": "nine.svg","chinese": "九","pinyin": "jiu"},
  {"english": "ten","imageData": "ten.svg","chinese": "十","pinyin": "shi"},
  {"english": "eleven","imageData": "eleven.svg","chinese": "十一","pinyin": "shi-yi"},

  {"english": "twelve","imageData": "twelve.svg","chinese": "十二","pinyin": "shi-er"},
  {"english": "thirteen","imageData": "thirteen.svg","chinese": "十三","pinyin": "shi-san"},
  {"english": "fourteen","imageData": "fourteen.svg","chinese": "十四","pinyin": "shi-si"},
  {"english": "fifteen","imageData": "fifteen.svg","chinese": "十五","pinyin": "shi-wu"},
  {"english": "sixteen","imageData": "sixteen.svg","chinese": "十六","pinyin": "shi-liu"},
  {"english": "seventeen","imageData": "seventeen.svg","chinese": "十七","pinyin": "shi-qi"},
  {"english": "eighteen","imageData": "eighteen.svg","chinese": "十八","pinyin": "shi-ba"},
  {"english": "nineteen","imageData": "nineteen.svg","chinese": "十九","pinyin": "shi-jiu"},
  {"english": "twenty","imageData": "twenty.svg","chinese": "二十","pinyin": "er-shi"},
  {"english": "twenty-one","imageData": "twentyOne.svg","chinese": "二十","pinyin": "er-shi"},
  {"english": "hundred","imageData": "hundred.svg","chinese": "一百","pinyin": "yi-bai"}
]