[
  {"english": "ant","imageData": "ant.svg","chinese": "蚂蚁","pinyin": "ma-yi"},
  {"english": "mosquito","imageData": "mosquito.svg","chinese": "蚊子","pinyin": "wen-zi"},
  {"english": "butterfly","imageData": "butterfly.svg","chinese": "蝴蝶","pinyin": "hu-die"},
  {"english": "fly","imageData": "fly.svg","chinese": "苍蝇","pinyin": "cang-ying"},


  {"english": "dragonfly","imageData": "dragonfly.svg","chinese": "蜻蜓","pinyin": "qing-ting"},
  {"english": "spider","imageData": "spider.svg","chinese": "蜘蛛","pinyin": "zhi-zhu"},

  {"english": "bee","imageData": "bee.svg","chinese": "蜜蜂","pinyin": "mi-feng"}
]