[
  {"english": "cloud","imageData": "cloud.jpg","chinese": "云","pinyin": "yun"},

  {"english": "fire","imageData": "fire.jpg","chinese": "火","pinyin": "huo"},
  {"english": "wind","imageData": "wind.jpg","chinese": "风","pinyin": "feng"},
  {"english": "thunder","imageData": "thunder.jpg","chinese": "雷","pinyin": "lei"},
  {"english": "rain","imageData": "rain.jpg","chinese": "雨","pinyin": "yu"},

  {"english": "globe","imageData": "globe.jpg","chinese": "全球","pinyin": "quan-qiu"},
  {"english": "rain","imageData": "rain.jpg","chinese": "雨","pinyin": "yu"},
  {"english": "shell","imageData": "shell.jpg","chinese": "贝壳","pinyin": "bei-ke"},
  {"english": "snow","imageData": "snow.jpg","chinese": "雪","pinyin": "xue"},
  {"english": "stars","imageData": "stars.jpg","chinese": "星星","pinyin": "xing-xing"},
  {"english": "sun","imageData": "sun.jpg","chinese": "太阳","pinyin": "tai-yang"}
]