[
  {"english": "cat","imageData": "cat.svg","chinese": "猫","pinyin": "mao"},
  {"english": "cow","imageData": "cow.svg","chinese": "奶牛","pinyin": "nai-niu"},
  {"english": "dog","imageData": "dog.svg","chinese": "狗","pinyin": "gou"},
  {"english": "donkey","imageData": "donkey.svg","chinese": "驴","pinyin": "lv"},

  {"english": "chicken","imageData": "chicken.svg","chinese": "鸡","pinyin": "ji"},
  {"english": "duck","imageData": "duck.svg","chinese": "鸭子","pinyin": "ya-zi"},
  {"english": "goose","imageData": "goose.svg","chinese": "鹅","pinyin": "e"},
  {"english": "penguin","imageData": "penguin.svg","chinese": "企鹅","pinyin": "qi-e"},
  {"english": "bird","imageData": "bird.svg","chinese": "鸟","pinyin": "niao"},
  {"english": "eagle","imageData": "eagle.svg","chinese": "老鹰","pinyin": "lao-ying"},


  {"english": "pig","imageData": "pig.svg","chinese": "猪","pinyin": "zhu"},
  {"english": "horse","imageData": "horse.svg","chinese": "马","pinyin": "ma"},


  {"english": "bear","imageData": "bear.svg","chinese": "熊","pinyin": "xiong"},
  {"english": "elephant","imageData": "elephant.svg","chinese": "大象","pinyin": "da-xiang"},
  {"english": "fish","imageData": "fish.svg","chinese": "鱼","pinyin": "yu"},
  {"english": "fox","imageData": "fox.svg","chinese": "狐狸","pinyin": "hu-li"},
  {"english": "goat","imageData": "goat.svg","chinese": "山羊","pinyin": "shan-yang"},
  {"english": "monkey","imageData": "monkey.svg","chinese": "猴子","pinyin": "hou-zi"},
  {"english": "giraffe","imageData": "giraffe.svg","chinese": "长颈鹿","pinyin": "chang-jin-lu"},
  {"english": "panda","imageData": "panda.svg","chinese": "熊猫","pinyin": "xiong-mao"},


  {"english": "leopard","imageData": "leopard.svg","chinese": "豹","pinyin": "bao"},
  {"english": "dinosaur","imageData": "dinosaur.svg","chinese": "恐龙","pinyin": "kong-long"},
  {"english": "crocodile","imageData": "crocodile.svg","chinese": "鳄鱼","pinyin": "e-yu"},
  {"english": "dragon","imageData": "dragon.svg","chinese": "龙","pinyin": "long"},


  {"english": "lion","imageData": "lion.svg","chinese": "狮子","pinyin": "shi-zi"},
  {"english": "rooster","imageData": "rooster.svg","chinese": "公鸡","pinyin": "gong-ji"},
  {"english": "tiger","imageData": "tiger.svg","chinese": "虎","pinyin": "hu"},
  {"english": "sheep","imageData": "sheep.svg","chinese": "羊","pinyin": "yang"},

  {"english": "frog","imageData": "frog.svg","chinese": "青蛙","pinyin": "qing-wa"}
]