﻿[
  {
    "name": "util",
    "list": [
      {
        "name": "Dom",
        "list": [
          {
            "name": "dataBind.js",
            "url": "dataBind.js"
          },
          {
            "name": "hasClass.js",
            "url": "hasClass.js"
          },
          {
            "name": "isDom.js",
            "url": "isDom.js"
          },
          {
            "name": "selector.js",
            "url": "selector.js"
          }
        ]

      }

    ]
  }
]