[                        
  {"english": "body","imageData": "body.svg","chinese": "人体","pinyin": "ren-ti"},
  {"english": "toe","imageData": "toe.svg","chinese": "脚指","pinyin": "jiao-zhi"},
  {"english": "arm","imageData": "arm.svg","chinese": "手臂","pinyin": "shou-bi"},
  {"english": "hair","imageData": "hair.svg","chinese": "头发","pinyin": "tou-fa"},
  {"english": "eye","imageData": "eye.svg","chinese": "眼睛","pinyin": "yan-jing"},
  {"english": "foot","imageData": "foot.svg","chinese": "足","pinyin": "zu"},
  {"english": "finger","imageData": "finger.svg","chinese": "手指","pinyin": "shou-zhi"},
  {"english": "ear","imageData": "ear.svg","chinese": "耳朵","pinyin": "er-duo"}

]