[
  {"english": "father","imageData": "father.svg","chinese": "父亲","pinyin": "fu-qin"},
  {"english": "dad","imageData": "father.svg","chinese": "爸爸","pinyin": "ba-ba"},

  {"english": "mather","imageData": "mather.svg","chinese": "母亲","pinyin": "mu-qin"},
  {"english": "mom","imageData": "mather.svg","chinese": "妈妈","pinyin": "ma-ma"},

  {"english": "grandpa","imageData": "grandpa.svg","chinese": "爷爷","pinyin": "ye-ye"},
  {"english": "grandma","imageData": "grandma.svg","chinese": "奶奶","pinyin": "nai-nai"}
]