[
  {"english": "cake","imageData": "cake.svg","chinese": "蛋糕","pinyin": "dan-gao"},
  {"english": "candy","imageData": "candy.svg","chinese": "糖果","pinyin": "tang-guo"},

  {"english": "pumpkin","imageData": "pumpkin.svg","chinese": "南瓜","pinyin": "nan-gua"},
  {"english": "noodles","imageData": "noodles.svg","chinese": "面条","pinyin": "mian-tiao"},

  {"english": "cracker","imageData": "noodles.svg","chinese": "饼干","pinyin": "bing-gan"},
  {"english": "chocolate","imageData": "chocolate.svg","chinese": "巧克力","pinyin": "qiao-ke-li"}

]