[{"id":1,"name":"anhuisheng.svg","imageData":"anhuisheng.svg"},{"id":2,"name":"beijingshi.svg","imageData":"beijingshi.svg"},{"id":3,"name":"chongqingshi.svg","imageData":"chongqingshi.svg"},{"id":4,"name":"fujiansheng.svg","imageData":"fujiansheng.svg"},{"id":5,"name":"gansusheng.svg","imageData":"gansusheng.svg"},{"id":6,"name":"guangdong.svg","imageData":"guangdong.svg"},{"id":7,"name":"guangxisheng.svg","imageData":"guangxisheng.svg"},{"id":8,"name":"guizhousheng.svg","imageData":"guizhousheng.svg"},{"id":9,"name":"hainansheng.svg","imageData":"hainansheng.svg"},{"id":10,"name":"hebeisheng.svg","imageData":"hebeisheng.svg"},{"id":11,"name":"heilongjiang.svg","imageData":"heilongjiang.svg"},{"id":12,"name":"henansheng.svg","imageData":"henansheng.svg"},{"id":13,"name":"hubeisheng.svg","imageData":"hubeisheng.svg"},{"id":14,"name":"hunansheng.svg","imageData":"hunansheng.svg"},{"id":15,"name":"jiangsusheng.svg","imageData":"jiangsusheng.svg"},{"id":16,"name":"jiangxisheng.svg","imageData":"jiangxisheng.svg"},{"id":17,"name":"jilinsheng.svg","imageData":"jilinsheng.svg"},{"id":18,"name":"liaoning.svg","imageData":"liaoning.svg"},{"id":19,"name":"neimenggu.svg","imageData":"neimenggu.svg"},{"id":20,"name":"ningxia.svg","imageData":"ningxia.svg"},{"id":21,"name":"qinghaisheng.svg","imageData":"qinghaisheng.svg"},{"id":22,"name":"shandongsheng.svg","imageData":"shandongsheng.svg"},{"id":23,"name":"shanghaishi.svg","imageData":"shanghaishi.svg"},{"id":24,"name":"shanxisheng.svg","imageData":"shanxisheng.svg"},{"id":25,"name":"shanxisheng_1.svg","imageData":"shanxisheng_1.svg"},{"id":26,"name":"shenzhenshi.svg","imageData":"shenzhenshi.svg"},{"id":27,"name":"sichuansheng.svg","imageData":"sichuansheng.svg"},{"id":28,"name":"taiwan.svg","imageData":"taiwan.svg"},{"id":29,"name":"xinjiang.svg","imageData":"xinjiang.svg"},{"id":30,"name":"xizang.svg","imageData":"xizang.svg"},{"id":31,"name":"yunnansheng.svg","imageData":"yunnansheng.svg"},{"id":32,"name":"zhejiangsheng.svg","imageData":"zhejiangsheng.svg"}]
