[
  {"english": "apple","imageData": "apple.svg","chinese": "苹果","pinyin": "ping-guo"},
  {"english": "banana","imageData": "banana.svg","chinese": "香蕉","pinyin": "xiang-jiao"},
  {"english": "cucumber","imageData": "cucumber.svg","chinese": "黄瓜","pinyin": "huang-gua"},
  {"english": "dragonFruit","imageData": "dragonFruit.svg","chinese": "火龙果","pinyin": "huo-long-guo"},
  {"english": "grape","imageData": "grape.svg","chinese": "葡萄","pinyin": "pu-tao"},
  {"english": "orange","imageData": "orange.svg","chinese": "橙子","pinyin": "cheng-zi"},
  {"english": "lemon","imageData": "lemon.svg","chinese": "柠檬","pinyin": "ning-meng"},
  {"english": "pear","imageData": "pear.svg","chinese": "梨","pinyin": "li"},
  {"english": "pineapple","imageData": "pineapple.svg","chinese": "菠萝","pinyin": "bo-luo"},
  {"english": "strawberry","imageData": "strawberry.svg","chinese": "草莓","pinyin": "cao-mei"},
  {"english": "tomato","imageData": "tomato.svg","chinese": "西红柿","pinyin": "xi-hong-shi"},
  {"english": "watermelon","imageData": "watermelon.svg","chinese": "西瓜","pinyin": "xi-gua"}
]