[
  {"english": "backpack","imageData": "backpack.jpg","chinese": "背包","pinyin": "bei-bao"},
  {"english": "boat","imageData": "boat.jpg","chinese": "船","pinyin": "chuan"},
  {"english": "bus","imageData": "bus.jpg","chinese": "巴士","pinyin": "ba-shi"},
  {"english": "car","imageData": "car.jpg","chinese": "小汽车","pinyin": "xiao-qi-che"},
  {"english": "plane","imageData": "plane.jpg","chinese": "飞机","pinyin": "fei-ji"},
  {"english": "taxi","imageData": "taxi.jpg","chinese": "出租车","pinyin": "chu-zu-che"},
  {"english": "train","imageData": "train.jpg","chinese": "火车","pinyin": "huo-che"},
  {"english": "truck","imageData": "truck.jpg","chinese": "货车","pinyin": "huo-che"}
]