[
  {"name":"littleFriend","src":"../../source/mp3/tips/little.friend.mp3","type":"notGood"},
  {"name":"notGood","src":"../../source/mp3/tips/notGood.mp3","type":"notGood"},
  {"name":"notGood2","src":"../../source/mp3/tips/notGood2.mp3","type":"notGood"},
  {"name":"notGood3","src":"../../source/mp3/tips/notGood3.mp3","type":"notGood"},
  {"name":"notGood4","src":"../../source/mp3/tips/notGood4.mp3","type":"notGood"},

  {"name":"veryGood","src":"../../source/mp3/tips/very.good.mp3","type":"veryGood"},
  {"name":"veryGood2","src":"../../source/mp3/tips/veryGood2.mp3","type":"veryGood"},
  {"name":"veryGood3","src":"../../source/mp3/tips/veryGood3.mp3","type":"veryGood"},

  {"name":"allRight","src":"../../source/mp3/tips/all.right.mp3","type":"allRight"},

  {"name":"error1","src":"../../source/mp3/tips/error.mp3","type":"error"},
  {"name":"error2","src":"../../source/mp3/tips/error2.mp3","type":"error"},
  {"name":"error3","src":"../../source/mp3/tips/error3.mp3","type":"error"},

  {"name":"right1","src":"../../source/mp3/tips/right.mp3","type":"right"},
  {"name":"right2","src":"../../source/mp3/tips/right2.mp3","type":"right"},
  {"name":"right3","src":"../../source/mp3/tips/right3.mp3","type":"right"}
]
