[
  {"english": "hat","imageData": "hat.svg","chinese": "帽子","pinyin": "mao-zi"},
  {"english": "suit","imageData": "suit.svg","chinese": "西装","pinyin": "xi-zhuang"},
  {"english": "dress","imageData": "dress.svg","chinese": "连衣裙","pinyin": "lian-yi-qun"},

  {"english": "overcoat","imageData": "overcoat.svg","chinese": "大衣","pinyin": "da-yi"},
  {"english": "coat","imageData": "coat.svg","chinese": "外套","pinyin": "wai-tao"},
  {"english": "shirt","imageData": "shirt.svg","chinese": "衬衫","pinyin": "chen-shan"},
  {"english": "jeans","imageData": "jeans.svg","chinese": "牛仔裤","pinyin": "niu-zai-ku"},
  {"english": "skirt","imageData": "skirt.svg","chinese": "裙子","pinyin": "qun-zi"},
  {"english": "socks","imageData": "socks.svg","chinese": "袜子","pinyin": "wa-zi"},

  {"english": "shoe","imageData": "shoe.svg","chinese": "clothing","pinyin": ""},
  {"english": "boot","imageData": "boot.svg","chinese": "靴子","pinyin": "xue-zi"},
  {"english": "glove","imageData": "glove.svg","chinese": "手套","pinyin": "shou-tao"},
  {"english": "tie","imageData": "tie.svg","chinese": "领带","pinyin": "ling-dai"},
  {"english": "headdress","imageData": "headdress.svg","chinese": "头饰","pinyin": "tou-shi"}
]