[
      {
        "url": "/www/examSelect/index.html?subjectType=addition",
        "src": "",
        "cardType": "navigation",
        "icon": "/source/svg/math.addition.svg",
        "name": "数学题测试-加法",
        "desc": "数学题测试。"
      },

    {
      "url": "/www/examSelect/index.html?subjectType=subtraction",
      "src": "",
      "cardType": "navigation",
      "icon": "/source/svg/math.subtraction.svg",
      "name": "数学题测试-减法",
      "desc": "数学题测试。"
    },

  {
    "url": "/www/examSelect/index.html?subjectType=multiplication",
    "src": "",
    "cardType": "navigation",
    "icon": "/source/svg/math.multiplication.svg",
    "name": "数学题测试-乘法",
    "desc": "数学题测试。"
  },

  {
    "url": "/www/examSelect/index.html?subjectType=division",
    "src": "",
    "cardType": "navigation",
    "icon": "/source/svg/math.division.svg",
    "name": "数学题测试-除法",
    "desc": "数学题测试。"
  },

    {
      "url": "/www/examSelect/index.html?subjectType=english",
      "src": "",
      "cardType": "navigation",
      "icon": "/source/svg/english.blue.svg",
      "name": "英语选择题测试",
      "desc": "英语选择题测试。"
    }

]