[
    {
        "id": 201,
        "name": "201狼狈为奸",
        "dataUrl": "/source/mp3/chengyu/201狼狈为奸.mp3"
    },
    {
        "id": 202,
        "name": "202牢不可破",
        "dataUrl": "/source/mp3/chengyu/202牢不可破.mp3"
    },
    {
        "id": 203,
        "name": "203老当益壮",
        "dataUrl": "/source/mp3/chengyu/203老当益壮.mp3"
    },
    {
        "id": 204,
        "name": "204老马识途",
        "dataUrl": "/source/mp3/chengyu/204老马识途.mp3"
    },
    {
        "id": 205,
        "name": "205老牛舐犊",
        "dataUrl": "/source/mp3/chengyu/205老牛舐犊.mp3"
    },
    {
        "id": 206,
        "name": "206老生常谈",
        "dataUrl": "/source/mp3/chengyu/206老生常谈.mp3"
    },
    {
        "id": 207,
        "name": "207乐不思蜀",
        "dataUrl": "/source/mp3/chengyu/207乐不思蜀.mp3"
    },
    {
        "id": 208,
        "name": "208乐极生悲",
        "dataUrl": "/source/mp3/chengyu/208乐极生悲.mp3"
    },
    {
        "id": 209,
        "name": "209力不从心",
        "dataUrl": "/source/mp3/chengyu/209力不从心.mp3"
    },
    {
        "id": 210,
        "name": "210励兵秣马",
        "dataUrl": "/source/mp3/chengyu/210励兵秣马.mp3"
    },
    {
        "id": 211,
        "name": "211纵虎归山",
        "dataUrl": "/source/mp3/chengyu/211纵虎归山.mp3"
    },
    {
        "id": 212,
        "name": "212两败俱伤",
        "dataUrl": "/source/mp3/chengyu/212两败俱伤.mp3"
    },
    {
        "id": 213,
        "name": "213两袖清风",
        "dataUrl": "/source/mp3/chengyu/213两袖清风.mp3"
    },
    {
        "id": 214,
        "name": "214量体裁衣",
        "dataUrl": "/source/mp3/chengyu/214量体裁衣.mp3"
    },
    {
        "id": 215,
        "name": "215临渴掘井",
        "dataUrl": "/source/mp3/chengyu/215临渴掘井.mp3"
    },
    {
        "id": 216,
        "name": "216临危不惧",
        "dataUrl": "/source/mp3/chengyu/216临危不惧.mp3"
    },
    {
        "id": 217,
        "name": "217令行禁止",
        "dataUrl": "/source/mp3/chengyu/217令行禁止.mp3"
    },
    {
        "id": 218,
        "name": "218路不拾遗",
        "dataUrl": "/source/mp3/chengyu/218路不拾遗.mp3"
    },
    {
        "id": 219,
        "name": "219洛阳纸贵",
        "dataUrl": "/source/mp3/chengyu/219洛阳纸贵.mp3"
    },
    {
        "id": 220,
        "name": "220马革裹尸",
        "dataUrl": "/source/mp3/chengyu/220马革裹尸.mp3"
    },
    {
        "id": 221,
        "name": "221马首是瞻",
        "dataUrl": "/source/mp3/chengyu/221马首是瞻.mp3"
    },
    {
        "id": 222,
        "name": "222买椟还珠",
        "dataUrl": "/source/mp3/chengyu/222买椟还珠.mp3"
    },
    {
        "id": 223,
        "name": "223满城风雨",
        "dataUrl": "/source/mp3/chengyu/223满城风雨.mp3"
    },
    {
        "id": 224,
        "name": "224芒刺在背",
        "dataUrl": "/source/mp3/chengyu/224芒刺在背.mp3"
    },
    {
        "id": 225,
        "name": "225盲人摸象",
        "dataUrl": "/source/mp3/chengyu/225盲人摸象.mp3"
    },
    {
        "id": 226,
        "name": "226毛遂自荐",
        "dataUrl": "/source/mp3/chengyu/226毛遂自荐.mp3"
    },
    {
        "id": 227,
        "name": "227门可罗雀",
        "dataUrl": "/source/mp3/chengyu/227门可罗雀.mp3"
    },
    {
        "id": 228,
        "name": "228门庭若市",
        "dataUrl": "/source/mp3/chengyu/228门庭若市.mp3"
    },
    {
        "id": 229,
        "name": "229孟母三迁",
        "dataUrl": "/source/mp3/chengyu/229孟母三迁.mp3"
    },
    {
        "id": 230,
        "name": "230迷途知返",
        "dataUrl": "/source/mp3/chengyu/230迷途知返.mp3"
    },
    {
        "id": 231,
        "name": "231民以食为天",
        "dataUrl": "/source/mp3/chengyu/231民以食为天.mp3"
    },
    {
        "id": 232,
        "name": "232名列前茅",
        "dataUrl": "/source/mp3/chengyu/232名列前茅.mp3"
    },
    {
        "id": 233,
        "name": "233名落孙山",
        "dataUrl": "/source/mp3/chengyu/233名落孙山.mp3"
    },
    {
        "id": 234,
        "name": "234名正言顺",
        "dataUrl": "/source/mp3/chengyu/234名正言顺.mp3"
    },
    {
        "id": 235,
        "name": "235明目张胆",
        "dataUrl": "/source/mp3/chengyu/235明目张胆.mp3"
    },
    {
        "id": 236,
        "name": "236明珠暗投",
        "dataUrl": "/source/mp3/chengyu/236明珠暗投.mp3"
    },
    {
        "id": 237,
        "name": "237模棱两可",
        "dataUrl": "/source/mp3/chengyu/237模棱两可.mp3"
    },
    {
        "id": 238,
        "name": "238磨穿铁砚",
        "dataUrl": "/source/mp3/chengyu/238磨穿铁砚.mp3"
    },
    {
        "id": 239,
        "name": "239莫须有",
        "dataUrl": "/source/mp3/chengyu/239莫须有.mp3"
    },
    {
        "id": 240,
        "name": "240墨守成规",
        "dataUrl": "/source/mp3/chengyu/240墨守成规.mp3"
    },
    {
        "id": 241,
        "name": "241木人石心",
        "dataUrl": "/source/mp3/chengyu/241木人石心.mp3"
    },
    {
        "id": 242,
        "name": "242目不识丁",
        "dataUrl": "/source/mp3/chengyu/242目不识丁.mp3"
    },
    {
        "id": 243,
        "name": "243沐猴而冠",
        "dataUrl": "/source/mp3/chengyu/243沐猴而冠.mp3"
    },
    {
        "id": 244,
        "name": "244南柯一梦",
        "dataUrl": "/source/mp3/chengyu/244南柯一梦.mp3"
    },
    {
        "id": 245,
        "name": "245南山可移",
        "dataUrl": "/source/mp3/chengyu/245南山可移.mp3"
    },
    {
        "id": 246,
        "name": "246南辕北辙",
        "dataUrl": "/source/mp3/chengyu/246南辕北辙.mp3"
    },
    {
        "id": 247,
        "name": "247难兄难弟",
        "dataUrl": "/source/mp3/chengyu/247难兄难弟.mp3"
    },
    {
        "id": 248,
        "name": "248鸟尽弓藏，兔死狗烹",
        "dataUrl": "/source/mp3/chengyu/248鸟尽弓藏，兔死狗烹.mp3"
    },
    {
        "id": 249,
        "name": "249宁为玉碎，不为瓦全",
        "dataUrl": "/source/mp3/chengyu/249宁为玉碎，不为瓦全.mp3"
    },
    {
        "id": 250,
        "name": "250牛衣对泣",
        "dataUrl": "/source/mp3/chengyu/250牛衣对泣.mp3"
    }
]