[
    {
        "id": 151,
        "name": "151华而不实",
        "dataUrl": "/source/mp3/chengyu/151华而不实.mp3"
    },
    {
        "id": 152,
        "name": "152画饼充饥",
        "dataUrl": "/source/mp3/chengyu/152画饼充饥.mp3"
    },
    {
        "id": 153,
        "name": "153画荻救子",
        "dataUrl": "/source/mp3/chengyu/153画荻救子.mp3"
    },
    {
        "id": 154,
        "name": "154画龙点睛",
        "dataUrl": "/source/mp3/chengyu/154画龙点睛.mp3"
    },
    {
        "id": 155,
        "name": "155画蛇添足",
        "dataUrl": "/source/mp3/chengyu/155画蛇添足.mp3"
    },
    {
        "id": 156,
        "name": "156盲人瞎马",
        "dataUrl": "/source/mp3/chengyu/156盲人瞎马.mp3"
    },
    {
        "id": 157,
        "name": "157黄梁一梦",
        "dataUrl": "/source/mp3/chengyu/157黄梁一梦.mp3"
    },
    {
        "id": 158,
        "name": "158回光返照",
        "dataUrl": "/source/mp3/chengyu/158回光返照.mp3"
    },
    {
        "id": 159,
        "name": "159机不可失",
        "dataUrl": "/source/mp3/chengyu/159机不可失.mp3"
    },
    {
        "id": 160,
        "name": "160鸡鸣狗盗",
        "dataUrl": "/source/mp3/chengyu/160鸡鸣狗盗.mp3"
    },
    {
        "id": 161,
        "name": "161积羽沉舟",
        "dataUrl": "/source/mp3/chengyu/161积羽沉舟.mp3"
    },
    {
        "id": 162,
        "name": "162疾风知劲草",
        "dataUrl": "/source/mp3/chengyu/162疾风知劲草.mp3"
    },
    {
        "id": 163,
        "name": "163家徒四壁",
        "dataUrl": "/source/mp3/chengyu/163家徒四壁.mp3"
    },
    {
        "id": 164,
        "name": "164家喻户晓",
        "dataUrl": "/source/mp3/chengyu/164家喻户晓.mp3"
    },
    {
        "id": 165,
        "name": "165价值连城",
        "dataUrl": "/source/mp3/chengyu/165价值连城.mp3"
    },
    {
        "id": 166,
        "name": "166坚壁清野",
        "dataUrl": "/source/mp3/chengyu/166坚壁清野.mp3"
    },
    {
        "id": 167,
        "name": "167见怪不怪",
        "dataUrl": "/source/mp3/chengyu/167见怪不怪.mp3"
    },
    {
        "id": 168,
        "name": "168见利忘义",
        "dataUrl": "/source/mp3/chengyu/168见利忘义.mp3"
    },
    {
        "id": 169,
        "name": "169江郎才尽",
        "dataUrl": "/source/mp3/chengyu/169江郎才尽.mp3"
    },
    {
        "id": 170,
        "name": "170将欲取之必先予之",
        "dataUrl": "/source/mp3/chengyu/170将欲取之必先予之.mp3"
    },
    {
        "id": 171,
        "name": "171蕉鹿自欺",
        "dataUrl": "/source/mp3/chengyu/171蕉鹿自欺.mp3"
    },
    {
        "id": 172,
        "name": "172矫枉过正",
        "dataUrl": "/source/mp3/chengyu/172矫枉过正.mp3"
    },
    {
        "id": 173,
        "name": "173嗟来之食",
        "dataUrl": "/source/mp3/chengyu/173嗟来之食.mp3"
    },
    {
        "id": 174,
        "name": "174揭竿而起",
        "dataUrl": "/source/mp3/chengyu/174揭竿而起.mp3"
    },
    {
        "id": 175,
        "name": "175捷足先登",
        "dataUrl": "/source/mp3/chengyu/175捷足先登.mp3"
    },
    {
        "id": 176,
        "name": "176竭泽而渔",
        "dataUrl": "/source/mp3/chengyu/176竭泽而渔.mp3"
    },
    {
        "id": 177,
        "name": "177解铃还须系铃人",
        "dataUrl": "/source/mp3/chengyu/177解铃还须系铃人.mp3"
    },
    {
        "id": 178,
        "name": "178金石为开",
        "dataUrl": "/source/mp3/chengyu/178金石为开.mp3"
    },
    {
        "id": 179,
        "name": "179锦囊妙计",
        "dataUrl": "/source/mp3/chengyu/179锦囊妙计.mp3"
    },
    {
        "id": 180,
        "name": "180近水楼台",
        "dataUrl": "/source/mp3/chengyu/180近水楼台.mp3"
    },
    {
        "id": 181,
        "name": "181惊弓之鸟",
        "dataUrl": "/source/mp3/chengyu/181惊弓之鸟.mp3"
    },
    {
        "id": 182,
        "name": "182精卫填海",
        "dataUrl": "/source/mp3/chengyu/182精卫填海.mp3"
    },
    {
        "id": 183,
        "name": "183井底之蛙",
        "dataUrl": "/source/mp3/chengyu/183井底之蛙.mp3"
    },
    {
        "id": 184,
        "name": "184九牛一毛",
        "dataUrl": "/source/mp3/chengyu/184九牛一毛.mp3"
    },
    {
        "id": 185,
        "name": "185居安思危",
        "dataUrl": "/source/mp3/chengyu/185居安思危.mp3"
    },
    {
        "id": 186,
        "name": "186橘化为枳",
        "dataUrl": "/source/mp3/chengyu/186橘化为枳.mp3"
    },
    {
        "id": 187,
        "name": "187举棋不定",
        "dataUrl": "/source/mp3/chengyu/187举棋不定.mp3"
    },
    {
        "id": 188,
        "name": "188卷土重来",
        "dataUrl": "/source/mp3/chengyu/188卷土重来.mp3"
    },
    {
        "id": 189,
        "name": "189开卷有益",
        "dataUrl": "/source/mp3/chengyu/189开卷有益.mp3"
    },
    {
        "id": 190,
        "name": "190开门揖盗",
        "dataUrl": "/source/mp3/chengyu/190开门揖盗.mp3"
    },
    {
        "id": 191,
        "name": "191开天辟地",
        "dataUrl": "/source/mp3/chengyu/191开天辟地.mp3"
    },
    {
        "id": 192,
        "name": "192苛政猛于虎",
        "dataUrl": "/source/mp3/chengyu/192苛政猛于虎.mp3"
    },
    {
        "id": 193,
        "name": "193刻舟求剑",
        "dataUrl": "/source/mp3/chengyu/193刻舟求剑.mp3"
    },
    {
        "id": 194,
        "name": "194空中楼阁",
        "dataUrl": "/source/mp3/chengyu/194空中楼阁.mp3"
    },
    {
        "id": 195,
        "name": "195口蜜腹剑",
        "dataUrl": "/source/mp3/chengyu/195口蜜腹剑.mp3"
    },
    {
        "id": 196,
        "name": "196口若悬河",
        "dataUrl": "/source/mp3/chengyu/196口若悬河.mp3"
    },
    {
        "id": 197,
        "name": "197快刀斩乱麻",
        "dataUrl": "/source/mp3/chengyu/197快刀斩乱麻.mp3"
    },
    {
        "id": 198,
        "name": "198脍炙人口",
        "dataUrl": "/source/mp3/chengyu/198脍炙人口.mp3"
    },
    {
        "id": 199,
        "name": "199困兽犹斗",
        "dataUrl": "/source/mp3/chengyu/199困兽犹斗.mp3"
    },
    {
        "id": 200,
        "name": "200滥竽充数",
        "dataUrl": "/source/mp3/chengyu/200滥竽充数.mp3"
    }
]