[
    {
        "id": 1,
        "name": "001矮子看戏",
        "dataUrl": "/source/mp3/chengyu/001矮子看戏.mp3"
    },
    {
        "id": 2,
        "name": "002安步当车",
        "dataUrl": "/source/mp3/chengyu/002安步当车.mp3"
    },
    {
        "id": 3,
        "name": "003按图索骥",
        "dataUrl": "/source/mp3/chengyu/003按图索骥.mp3"
    },
    {
        "id": 4,
        "name": "004暗渡陈仓",
        "dataUrl": "/source/mp3/chengyu/004暗渡陈仓.mp3"
    },
    {
        "id": 5,
        "name": "005暗箭伤人",
        "dataUrl": "/source/mp3/chengyu/005暗箭伤人.mp3"
    },
    {
        "id": 6,
        "name": "006拔苗助长",
        "dataUrl": "/source/mp3/chengyu/006拔苗助长.mp3"
    },
    {
        "id": 7,
        "name": "007拔山举鼎",
        "dataUrl": "/source/mp3/chengyu/007拔山举鼎.mp3"
    },
    {
        "id": 8,
        "name": "008百川归海",
        "dataUrl": "/source/mp3/chengyu/008百川归海.mp3"
    },
    {
        "id": 9,
        "name": "009百发百中",
        "dataUrl": "/source/mp3/chengyu/009百发百中.mp3"
    },
    {
        "id": 10,
        "name": "010百闻不如一见",
        "dataUrl": "/source/mp3/chengyu/010百闻不如一见.mp3"
    },
    {
        "id": 11,
        "name": "011败军之将",
        "dataUrl": "/source/mp3/chengyu/011败军之将.mp3"
    },
    {
        "id": 12,
        "name": "012班门弄斧",
        "dataUrl": "/source/mp3/chengyu/012班门弄斧.mp3"
    },
    {
        "id": 13,
        "name": "013半途而废",
        "dataUrl": "/source/mp3/chengyu/013半途而废.mp3"
    },
    {
        "id": 14,
        "name": "014抱薪救火",
        "dataUrl": "/source/mp3/chengyu/014抱薪救火.mp3"
    },
    {
        "id": 15,
        "name": "015包藏祸心",
        "dataUrl": "/source/mp3/chengyu/015包藏祸心.mp3"
    },
    {
        "id": 16,
        "name": "016杯弓蛇影",
        "dataUrl": "/source/mp3/chengyu/016杯弓蛇影.mp3"
    },
    {
        "id": 17,
        "name": "017杯水车薪",
        "dataUrl": "/source/mp3/chengyu/017杯水车薪.mp3"
    },
    {
        "id": 18,
        "name": "018背水一战",
        "dataUrl": "/source/mp3/chengyu/018背水一战.mp3"
    },
    {
        "id": 19,
        "name": "019逼上梁山",
        "dataUrl": "/source/mp3/chengyu/019逼上梁山.mp3"
    },
    {
        "id": 20,
        "name": "020比肩接踵",
        "dataUrl": "/source/mp3/chengyu/020比肩接踵.mp3"
    },
    {
        "id": 21,
        "name": "021闭门造车",
        "dataUrl": "/source/mp3/chengyu/021闭门造车.mp3"
    },
    {
        "id": 22,
        "name": "022筚路蓝缕",
        "dataUrl": "/source/mp3/chengyu/022筚路蓝缕.mp3"
    },
    {
        "id": 23,
        "name": "023别开生面",
        "dataUrl": "/source/mp3/chengyu/023别开生面.mp3"
    },
    {
        "id": 24,
        "name": "024别无长物",
        "dataUrl": "/source/mp3/chengyu/024别无长物.mp3"
    },
    {
        "id": 25,
        "name": "025宾至而归",
        "dataUrl": "/source/mp3/chengyu/025宾至而归.mp3"
    },
    {
        "id": 26,
        "name": "026兵不血刃",
        "dataUrl": "/source/mp3/chengyu/026兵不血刃.mp3"
    },
    {
        "id": 27,
        "name": "027兵不厌诈",
        "dataUrl": "/source/mp3/chengyu/027兵不厌诈.mp3"
    },
    {
        "id": 28,
        "name": "028病入膏肓",
        "dataUrl": "/source/mp3/chengyu/028病入膏肓.mp3"
    },
    {
        "id": 29,
        "name": "029伯乐识马",
        "dataUrl": "/source/mp3/chengyu/029伯乐识马.mp3"
    },
    {
        "id": 30,
        "name": "030博士买驴",
        "dataUrl": "/source/mp3/chengyu/030博士买驴.mp3"
    },
    {
        "id": 31,
        "name": "031不耻下问",
        "dataUrl": "/source/mp3/chengyu/031不耻下问.mp3"
    },
    {
        "id": 32,
        "name": "032不敢越雷池一步",
        "dataUrl": "/source/mp3/chengyu/032不敢越雷池一步.mp3"
    },
    {
        "id": 33,
        "name": "033不寒而栗",
        "dataUrl": "/source/mp3/chengyu/033不寒而栗.mp3"
    },
    {
        "id": 34,
        "name": "034不可多得",
        "dataUrl": "/source/mp3/chengyu/034不可多得.mp3"
    },
    {
        "id": 35,
        "name": "035不可救药",
        "dataUrl": "/source/mp3/chengyu/035不可救药.mp3"
    },
    {
        "id": 36,
        "name": "036不求甚解",
        "dataUrl": "/source/mp3/chengyu/036不求甚解.mp3"
    },
    {
        "id": 37,
        "name": "037不屈不挠",
        "dataUrl": "/source/mp3/chengyu/037不屈不挠.mp3"
    },
    {
        "id": 38,
        "name": "038不入虎穴，焉得虎子",
        "dataUrl": "/source/mp3/chengyu/038不入虎穴，焉得虎子.mp3"
    },
    {
        "id": 39,
        "name": "039不甚了了",
        "dataUrl": "/source/mp3/chengyu/039不甚了了.mp3"
    },
    {
        "id": 40,
        "name": "040不学无术",
        "dataUrl": "/source/mp3/chengyu/040不学无术.mp3"
    },
    {
        "id": 41,
        "name": "041不遗余力",
        "dataUrl": "/source/mp3/chengyu/041不遗余力.mp3"
    },
    {
        "id": 42,
        "name": "042不知所云",
        "dataUrl": "/source/mp3/chengyu/042不知所云.mp3"
    },
    {
        "id": 43,
        "name": "043不自量力",
        "dataUrl": "/source/mp3/chengyu/043不自量力.mp3"
    },
    {
        "id": 44,
        "name": "044不足为外人道",
        "dataUrl": "/source/mp3/chengyu/044不足为外人道.mp3"
    },
    {
        "id": 45,
        "name": "045才高八斗",
        "dataUrl": "/source/mp3/chengyu/045才高八斗.mp3"
    },
    {
        "id": 46,
        "name": "046沧海一粟",
        "dataUrl": "/source/mp3/chengyu/046沧海一粟.mp3"
    },
    {
        "id": 47,
        "name": "047草菅人命",
        "dataUrl": "/source/mp3/chengyu/047草菅人命.mp3"
    },
    {
        "id": 48,
        "name": "048草木皆兵",
        "dataUrl": "/source/mp3/chengyu/048草木皆兵.mp3"
    },
    {
        "id": 49,
        "name": "049差强人意",
        "dataUrl": "/source/mp3/chengyu/049差强人意.mp3"
    },
    {
        "id": 50,
        "name": "050巢毁卵破",
        "dataUrl": "/source/mp3/chengyu/050巢毁卵破.mp3"
    }
]