[
    {
        "id": 251,
        "name": "251呕心呖血",
        "dataUrl": "/source/mp3/chengyu/251呕心呖血.mp3"
    },
    {
        "id": 252,
        "name": "252抛砖引玉",
        "dataUrl": "/source/mp3/chengyu/252抛砖引玉.mp3"
    },
    {
        "id": 253,
        "name": "253赔了夫人又折兵",
        "dataUrl": "/source/mp3/chengyu/253赔了夫人又折兵.mp3"
    },
    {
        "id": 254,
        "name": "254蓬莱仙境",
        "dataUrl": "/source/mp3/chengyu/254蓬莱仙境.mp3"
    },
    {
        "id": 255,
        "name": "255鹏程万里",
        "dataUrl": "/source/mp3/chengyu/255鹏程万里.mp3"
    },
    {
        "id": 256,
        "name": "256披荆斩棘",
        "dataUrl": "/source/mp3/chengyu/256披荆斩棘.mp3"
    },
    {
        "id": 257,
        "name": "257破釜沉舟",
        "dataUrl": "/source/mp3/chengyu/257破釜沉舟.mp3"
    },
    {
        "id": 258,
        "name": "258破镜重圆",
        "dataUrl": "/source/mp3/chengyu/258破镜重圆.mp3"
    },
    {
        "id": 259,
        "name": "259扑朔迷离",
        "dataUrl": "/source/mp3/chengyu/259扑朔迷离.mp3"
    },
    {
        "id": 260,
        "name": "260歧路亡羊",
        "dataUrl": "/source/mp3/chengyu/260歧路亡羊.mp3"
    },
    {
        "id": 261,
        "name": "261骑虎难下",
        "dataUrl": "/source/mp3/chengyu/261骑虎难下.mp3"
    },
    {
        "id": 262,
        "name": "262杞人忧天",
        "dataUrl": "/source/mp3/chengyu/262杞人忧天.mp3"
    },
    {
        "id": 263,
        "name": "263起死回生",
        "dataUrl": "/source/mp3/chengyu/263起死回生.mp3"
    },
    {
        "id": 264,
        "name": "264气壮山河",
        "dataUrl": "/source/mp3/chengyu/264气壮山河.mp3"
    },
    {
        "id": 265,
        "name": "265千金买骨",
        "dataUrl": "/source/mp3/chengyu/265千金买骨.mp3"
    },
    {
        "id": 266,
        "name": "266千里送鹅毛",
        "dataUrl": "/source/mp3/chengyu/266千里送鹅毛.mp3"
    },
    {
        "id": 267,
        "name": "267千虑一得",
        "dataUrl": "/source/mp3/chengyu/267千虑一得.mp3"
    },
    {
        "id": 268,
        "name": "268前倨后恭",
        "dataUrl": "/source/mp3/chengyu/268前倨后恭.mp3"
    },
    {
        "id": 269,
        "name": "269黔驴技穷",
        "dataUrl": "/source/mp3/chengyu/269黔驴技穷.mp3"
    },
    {
        "id": 270,
        "name": "270强弩子末",
        "dataUrl": "/source/mp3/chengyu/270强弩子末.mp3"
    },
    {
        "id": 271,
        "name": "271秦镜高悬",
        "dataUrl": "/source/mp3/chengyu/271秦镜高悬.mp3"
    },
    {
        "id": 272,
        "name": "272青云直上",
        "dataUrl": "/source/mp3/chengyu/272青云直上.mp3"
    },
    {
        "id": 273,
        "name": "273请君入瓮",
        "dataUrl": "/source/mp3/chengyu/273请君入瓮.mp3"
    },
    {
        "id": 274,
        "name": "274曲尽其妙",
        "dataUrl": "/source/mp3/chengyu/274曲尽其妙.mp3"
    },
    {
        "id": 275,
        "name": "275曲突徙薪",
        "dataUrl": "/source/mp3/chengyu/275曲突徙薪.mp3"
    },
    {
        "id": 276,
        "name": "276取而代之",
        "dataUrl": "/source/mp3/chengyu/276取而代之.mp3"
    },
    {
        "id": 277,
        "name": "277绕梁三日",
        "dataUrl": "/source/mp3/chengyu/277绕梁三日.mp3"
    },
    {
        "id": 278,
        "name": "278人面桃花",
        "dataUrl": "/source/mp3/chengyu/278人面桃花.mp3"
    },
    {
        "id": 279,
        "name": "279人琴俱亡",
        "dataUrl": "/source/mp3/chengyu/279人琴俱亡.mp3"
    },
    {
        "id": 280,
        "name": "280人人自危",
        "dataUrl": "/source/mp3/chengyu/280人人自危.mp3"
    },
    {
        "id": 281,
        "name": "281人死留名",
        "dataUrl": "/source/mp3/chengyu/281人死留名.mp3"
    },
    {
        "id": 282,
        "name": "282人为刀殂，我为鱼肉",
        "dataUrl": "/source/mp3/chengyu/282人为刀殂，我为鱼肉.mp3"
    },
    {
        "id": 283,
        "name": "283人自为战",
        "dataUrl": "/source/mp3/chengyu/283人自为战.mp3"
    },
    {
        "id": 284,
        "name": "284如火如荼",
        "dataUrl": "/source/mp3/chengyu/284如火如荼.mp3"
    },
    {
        "id": 285,
        "name": "285如鱼得水",
        "dataUrl": "/source/mp3/chengyu/285如鱼得水.mp3"
    },
    {
        "id": 286,
        "name": "286孺子可教",
        "dataUrl": "/source/mp3/chengyu/286孺子可教.mp3"
    },
    {
        "id": 287,
        "name": "287入木三分",
        "dataUrl": "/source/mp3/chengyu/287入木三分.mp3"
    },
    {
        "id": 288,
        "name": "288塞翁失马",
        "dataUrl": "/source/mp3/chengyu/288塞翁失马.mp3"
    },
    {
        "id": 289,
        "name": "289三顾茅庐",
        "dataUrl": "/source/mp3/chengyu/289三顾茅庐.mp3"
    },
    {
        "id": 290,
        "name": "290三令五申",
        "dataUrl": "/source/mp3/chengyu/290三令五申.mp3"
    },
    {
        "id": 291,
        "name": "291三人成虎",
        "dataUrl": "/source/mp3/chengyu/291三人成虎.mp3"
    },
    {
        "id": 292,
        "name": "292杀鸡儆猴",
        "dataUrl": "/source/mp3/chengyu/292杀鸡儆猴.mp3"
    },
    {
        "id": 293,
        "name": "293杀彘教子",
        "dataUrl": "/source/mp3/chengyu/293杀彘教子.mp3"
    },
    {
        "id": 294,
        "name": "294山鸡舞镜",
        "dataUrl": "/source/mp3/chengyu/294山鸡舞镜.mp3"
    },
    {
        "id": 295,
        "name": "295上下其手",
        "dataUrl": "/source/mp3/chengyu/295上下其手.mp3"
    },
    {
        "id": 296,
        "name": "296身在曹心在汉",
        "dataUrl": "/source/mp3/chengyu/296身在曹心在汉.mp3"
    },
    {
        "id": 297,
        "name": "297失斧疑邻",
        "dataUrl": "/source/mp3/chengyu/297失斧疑邻.mp3"
    },
    {
        "id": 298,
        "name": "298十行俱下",
        "dataUrl": "/source/mp3/chengyu/298十行俱下.mp3"
    },
    {
        "id": 299,
        "name": "299食不甘味",
        "dataUrl": "/source/mp3/chengyu/299食不甘味.mp3"
    },
    {
        "id": 300,
        "name": "300世外桃源",
        "dataUrl": "/source/mp3/chengyu/300世外桃源.mp3"
    }
]