[
    {
        "id": 301,
        "name": "301势如破竹",
        "dataUrl": "/source/mp3/chengyu/301势如破竹.mp3"
    },
    {
        "id": 302,
        "name": "302手不释卷",
        "dataUrl": "/source/mp3/chengyu/302手不释卷.mp3"
    },
    {
        "id": 303,
        "name": "303守株待兔",
        "dataUrl": "/source/mp3/chengyu/303守株待兔.mp3"
    },
    {
        "id": 304,
        "name": "304熟能生巧",
        "dataUrl": "/source/mp3/chengyu/304熟能生巧.mp3"
    },
    {
        "id": 305,
        "name": "305蜀犬吠日",
        "dataUrl": "/source/mp3/chengyu/305蜀犬吠日.mp3"
    },
    {
        "id": 306,
        "name": "306树倒猢狲散",
        "dataUrl": "/source/mp3/chengyu/306树倒猢狲散.mp3"
    },
    {
        "id": 307,
        "name": "307双管齐下",
        "dataUrl": "/source/mp3/chengyu/307双管齐下.mp3"
    },
    {
        "id": 308,
        "name": "308水滴石穿",
        "dataUrl": "/source/mp3/chengyu/308水滴石穿.mp3"
    },
    {
        "id": 309,
        "name": "309水深火热",
        "dataUrl": "/source/mp3/chengyu/309水深火热.mp3"
    },
    {
        "id": 310,
        "name": "310司马昭之心路人皆知",
        "dataUrl": "/source/mp3/chengyu/310司马昭之心路人皆知.mp3"
    },
    {
        "id": 311,
        "name": "311死不瞑目",
        "dataUrl": "/source/mp3/chengyu/311死不瞑目.mp3"
    },
    {
        "id": 312,
        "name": "312死灰复燃",
        "dataUrl": "/source/mp3/chengyu/312死灰复燃.mp3"
    },
    {
        "id": 313,
        "name": "313四面楚歌",
        "dataUrl": "/source/mp3/chengyu/313四面楚歌.mp3"
    },
    {
        "id": 314,
        "name": "314随珠弹雀",
        "dataUrl": "/source/mp3/chengyu/314随珠弹雀.mp3"
    },
    {
        "id": 315,
        "name": "315所向披靡",
        "dataUrl": "/source/mp3/chengyu/315所向披靡.mp3"
    },
    {
        "id": 316,
        "name": "316太公钓鱼，愿者上钩",
        "dataUrl": "/source/mp3/chengyu/316太公钓鱼，愿者上钩.mp3"
    },
    {
        "id": 317,
        "name": "317贪小失大",
        "dataUrl": "/source/mp3/chengyu/317贪小失大.mp3"
    },
    {
        "id": 318,
        "name": "318袒腹东床",
        "dataUrl": "/source/mp3/chengyu/318袒腹东床.mp3"
    },
    {
        "id": 319,
        "name": "319探骊得珠",
        "dataUrl": "/source/mp3/chengyu/319探骊得珠.mp3"
    },
    {
        "id": 320,
        "name": "320螳臂挡车",
        "dataUrl": "/source/mp3/chengyu/320螳臂挡车.mp3"
    },
    {
        "id": 321,
        "name": "321螳螂捕蝉，黄雀在后",
        "dataUrl": "/source/mp3/chengyu/321螳螂捕蝉，黄雀在后.mp3"
    },
    {
        "id": 322,
        "name": "322天花乱坠",
        "dataUrl": "/source/mp3/chengyu/322天花乱坠.mp3"
    },
    {
        "id": 323,
        "name": "323天经地义",
        "dataUrl": "/source/mp3/chengyu/323天经地义.mp3"
    },
    {
        "id": 324,
        "name": "324天罗地网",
        "dataUrl": "/source/mp3/chengyu/324天罗地网.mp3"
    },
    {
        "id": 325,
        "name": "325天下无双",
        "dataUrl": "/source/mp3/chengyu/325天下无双.mp3"
    },
    {
        "id": 326,
        "name": "326天衣无缝",
        "dataUrl": "/source/mp3/chengyu/326天衣无缝.mp3"
    },
    {
        "id": 327,
        "name": "327天真烂漫",
        "dataUrl": "/source/mp3/chengyu/327天真烂漫.mp3"
    },
    {
        "id": 328,
        "name": "328天之骄子",
        "dataUrl": "/source/mp3/chengyu/328天之骄子.mp3"
    },
    {
        "id": 329,
        "name": "329铁杵成针",
        "dataUrl": "/source/mp3/chengyu/329铁杵成针.mp3"
    },
    {
        "id": 330,
        "name": "330同病相怜",
        "dataUrl": "/source/mp3/chengyu/330同病相怜.mp3"
    },
    {
        "id": 331,
        "name": "331同仇敌忾",
        "dataUrl": "/source/mp3/chengyu/331同仇敌忾.mp3"
    },
    {
        "id": 332,
        "name": "332痛定思痛",
        "dataUrl": "/source/mp3/chengyu/332痛定思痛.mp3"
    },
    {
        "id": 333,
        "name": "333痛饮黄龙",
        "dataUrl": "/source/mp3/chengyu/333痛饮黄龙.mp3"
    },
    {
        "id": 334,
        "name": "334投笔从戎",
        "dataUrl": "/source/mp3/chengyu/334投笔从戎.mp3"
    },
    {
        "id": 335,
        "name": "335投鞭断流",
        "dataUrl": "/source/mp3/chengyu/335投鞭断流.mp3"
    },
    {
        "id": 336,
        "name": "336投鼠忌器",
        "dataUrl": "/source/mp3/chengyu/336投鼠忌器.mp3"
    },
    {
        "id": 337,
        "name": "337图穷匕见",
        "dataUrl": "/source/mp3/chengyu/337图穷匕见.mp3"
    },
    {
        "id": 338,
        "name": "338推心置腹",
        "dataUrl": "/source/mp3/chengyu/338推心置腹.mp3"
    },
    {
        "id": 339,
        "name": "339外强中干",
        "dataUrl": "/source/mp3/chengyu/339外强中干.mp3"
    },
    {
        "id": 340,
        "name": "340完壁归赵",
        "dataUrl": "/source/mp3/chengyu/340完壁归赵.mp3"
    },
    {
        "id": 341,
        "name": "341顽石点头",
        "dataUrl": "/source/mp3/chengyu/341顽石点头.mp3"
    },
    {
        "id": 342,
        "name": "342万事俱备，只欠东风",
        "dataUrl": "/source/mp3/chengyu/342万事俱备，只欠东风.mp3"
    },
    {
        "id": 343,
        "name": "343亡羊补牢",
        "dataUrl": "/source/mp3/chengyu/343亡羊补牢.mp3"
    },
    {
        "id": 344,
        "name": "344妄自尊大",
        "dataUrl": "/source/mp3/chengyu/344妄自尊大.mp3"
    },
    {
        "id": 345,
        "name": "345望尘莫及",
        "dataUrl": "/source/mp3/chengyu/345望尘莫及.mp3"
    },
    {
        "id": 346,
        "name": "346望梅止渴",
        "dataUrl": "/source/mp3/chengyu/346望梅止渴.mp3"
    },
    {
        "id": 347,
        "name": "347望洋兴叹",
        "dataUrl": "/source/mp3/chengyu/347望洋兴叹.mp3"
    },
    {
        "id": 348,
        "name": "348危如累卵",
        "dataUrl": "/source/mp3/chengyu/348危如累卵.mp3"
    },
    {
        "id": 349,
        "name": "349为虎作伥",
        "dataUrl": "/source/mp3/chengyu/349为虎作伥.mp3"
    },
    {
        "id": 350,
        "name": "350围魏救赵",
        "dataUrl": "/source/mp3/chengyu/350围魏救赵.mp3"
    }
]