[
    {
        "id": 51,
        "name": "051朝三暮四",
        "dataUrl": "/source/mp3/chengyu/051朝三暮四.mp3"
    },
    {
        "id": 52,
        "name": "052车水马龙",
        "dataUrl": "/source/mp3/chengyu/052车水马龙.mp3"
    },
    {
        "id": 53,
        "name": "053车载斗量",
        "dataUrl": "/source/mp3/chengyu/053车载斗量.mp3"
    },
    {
        "id": 54,
        "name": "054沉鱼落雁",
        "dataUrl": "/source/mp3/chengyu/054沉鱼落雁.mp3"
    },
    {
        "id": 55,
        "name": "055成也萧何，败也萧何",
        "dataUrl": "/source/mp3/chengyu/055成也萧何，败也萧何.mp3"
    },
    {
        "id": 56,
        "name": "056城下之盟",
        "dataUrl": "/source/mp3/chengyu/056城下之盟.mp3"
    },
    {
        "id": 57,
        "name": "057乘风破浪",
        "dataUrl": "/source/mp3/chengyu/057乘风破浪.mp3"
    },
    {
        "id": 58,
        "name": "058乘龙佳婿",
        "dataUrl": "/source/mp3/chengyu/058乘龙佳婿.mp3"
    },
    {
        "id": 59,
        "name": "059痴人说梦",
        "dataUrl": "/source/mp3/chengyu/059痴人说梦.mp3"
    },
    {
        "id": 60,
        "name": "060赤膊上阵",
        "dataUrl": "/source/mp3/chengyu/060赤膊上阵.mp3"
    },
    {
        "id": 61,
        "name": "061出尔反尔",
        "dataUrl": "/source/mp3/chengyu/061出尔反尔.mp3"
    },
    {
        "id": 62,
        "name": "062出奇制胜",
        "dataUrl": "/source/mp3/chengyu/062出奇制胜.mp3"
    },
    {
        "id": 63,
        "name": "063初出茅庐",
        "dataUrl": "/source/mp3/chengyu/063初出茅庐.mp3"
    },
    {
        "id": 64,
        "name": "064杵臼之交",
        "dataUrl": "/source/mp3/chengyu/064杵臼之交.mp3"
    },
    {
        "id": 65,
        "name": "065垂头丧气",
        "dataUrl": "/source/mp3/chengyu/065垂头丧气.mp3"
    },
    {
        "id": 66,
        "name": "066唇亡齿寒",
        "dataUrl": "/source/mp3/chengyu/066唇亡齿寒.mp3"
    },
    {
        "id": 67,
        "name": "067此地无银三百两",
        "dataUrl": "/source/mp3/chengyu/067此地无银三百两.mp3"
    },
    {
        "id": 68,
        "name": "068从善如流",
        "dataUrl": "/source/mp3/chengyu/068从善如流.mp3"
    },
    {
        "id": 69,
        "name": "069打草惊蛇",
        "dataUrl": "/source/mp3/chengyu/069打草惊蛇.mp3"
    },
    {
        "id": 70,
        "name": "070大才小用",
        "dataUrl": "/source/mp3/chengyu/070大才小用.mp3"
    },
    {
        "id": 71,
        "name": "071大公无私",
        "dataUrl": "/source/mp3/chengyu/071大公无私.mp3"
    },
    {
        "id": 72,
        "name": "072大义灭亲",
        "dataUrl": "/source/mp3/chengyu/072大义灭亲.mp3"
    },
    {
        "id": 73,
        "name": "073呆若木鸡",
        "dataUrl": "/source/mp3/chengyu/073呆若木鸡.mp3"
    },
    {
        "id": 74,
        "name": "074箪食壶浆",
        "dataUrl": "/source/mp3/chengyu/074箪食壶浆.mp3"
    },
    {
        "id": 75,
        "name": "075倒绷孩儿",
        "dataUrl": "/source/mp3/chengyu/075倒绷孩儿.mp3"
    },
    {
        "id": 76,
        "name": "076倒履相迎",
        "dataUrl": "/source/mp3/chengyu/076倒履相迎.mp3"
    },
    {
        "id": 77,
        "name": "077倒行逆施",
        "dataUrl": "/source/mp3/chengyu/077倒行逆施.mp3"
    },
    {
        "id": 78,
        "name": "078道听途说",
        "dataUrl": "/source/mp3/chengyu/078道听途说.mp3"
    },
    {
        "id": 79,
        "name": "079得过且过",
        "dataUrl": "/source/mp3/chengyu/079得过且过.mp3"
    },
    {
        "id": 80,
        "name": "080得陇望蜀",
        "dataUrl": "/source/mp3/chengyu/080得陇望蜀.mp3"
    },
    {
        "id": 81,
        "name": "081得意忘形",
        "dataUrl": "/source/mp3/chengyu/081得意忘形.mp3"
    },
    {
        "id": 82,
        "name": "082点石成金",
        "dataUrl": "/source/mp3/chengyu/082点石成金.mp3"
    },
    {
        "id": 83,
        "name": "083雕虫小技",
        "dataUrl": "/source/mp3/chengyu/083雕虫小技.mp3"
    },
    {
        "id": 84,
        "name": "084东窗事发",
        "dataUrl": "/source/mp3/chengyu/084东窗事发.mp3"
    },
    {
        "id": 85,
        "name": "085东山再起",
        "dataUrl": "/source/mp3/chengyu/085东山再起.mp3"
    },
    {
        "id": 86,
        "name": "086东施效颦",
        "dataUrl": "/source/mp3/chengyu/086东施效颦.mp3"
    },
    {
        "id": 87,
        "name": "087东食西宿",
        "dataUrl": "/source/mp3/chengyu/087东食西宿.mp3"
    },
    {
        "id": 88,
        "name": "088洞见症洁",
        "dataUrl": "/source/mp3/chengyu/088洞见症洁.mp3"
    },
    {
        "id": 89,
        "name": "089独挡一面",
        "dataUrl": "/source/mp3/chengyu/089独挡一面.mp3"
    },
    {
        "id": 90,
        "name": "090短兵相接",
        "dataUrl": "/source/mp3/chengyu/090短兵相接.mp3"
    },
    {
        "id": 91,
        "name": "091断头将军",
        "dataUrl": "/source/mp3/chengyu/091断头将军.mp3"
    },
    {
        "id": 92,
        "name": "092对牛弹琴",
        "dataUrl": "/source/mp3/chengyu/092对牛弹琴.mp3"
    },
    {
        "id": 93,
        "name": "093对症下药",
        "dataUrl": "/source/mp3/chengyu/093对症下药.mp3"
    },
    {
        "id": 94,
        "name": "094多多益善",
        "dataUrl": "/source/mp3/chengyu/094多多益善.mp3"
    },
    {
        "id": 95,
        "name": "095多谋善断",
        "dataUrl": "/source/mp3/chengyu/095多谋善断.mp3"
    },
    {
        "id": 96,
        "name": "096多行不义必自毙",
        "dataUrl": "/source/mp3/chengyu/096多行不义必自毙.mp3"
    },
    {
        "id": 97,
        "name": "097咄咄怪事",
        "dataUrl": "/source/mp3/chengyu/097咄咄怪事.mp3"
    },
    {
        "id": 98,
        "name": "098尔虞我诈",
        "dataUrl": "/source/mp3/chengyu/098尔虞我诈.mp3"
    },
    {
        "id": 99,
        "name": "099罚不当罪",
        "dataUrl": "/source/mp3/chengyu/099罚不当罪.mp3"
    },
    {
        "id": 100,
        "name": "100返老还童",
        "dataUrl": "/source/mp3/chengyu/100返老还童.mp3"
    }
]