[
    {
        "id": 101,
        "name": "101方寸之地",
        "dataUrl": "/source/mp3/chengyu/101方寸之地.mp3"
    },
    {
        "id": 102,
        "name": "102防微杜淅",
        "dataUrl": "/source/mp3/chengyu/102防微杜淅.mp3"
    },
    {
        "id": 103,
        "name": "103飞鸟惊蛇",
        "dataUrl": "/source/mp3/chengyu/103飞鸟惊蛇.mp3"
    },
    {
        "id": 104,
        "name": "104非驴非马",
        "dataUrl": "/source/mp3/chengyu/104非驴非马.mp3"
    },
    {
        "id": 105,
        "name": "105吠形吠声",
        "dataUrl": "/source/mp3/chengyu/105吠形吠声.mp3"
    },
    {
        "id": 106,
        "name": "106分道扬膘",
        "dataUrl": "/source/mp3/chengyu/106分道扬膘.mp3"
    },
    {
        "id": 107,
        "name": "107风吹草动",
        "dataUrl": "/source/mp3/chengyu/107风吹草动.mp3"
    },
    {
        "id": 108,
        "name": "108负荆请罪",
        "dataUrl": "/source/mp3/chengyu/108负荆请罪.mp3"
    },
    {
        "id": 109,
        "name": "109负重致远",
        "dataUrl": "/source/mp3/chengyu/109负重致远.mp3"
    },
    {
        "id": 110,
        "name": "110赴汤蹈火",
        "dataUrl": "/source/mp3/chengyu/110赴汤蹈火.mp3"
    },
    {
        "id": 111,
        "name": "111覆水难收",
        "dataUrl": "/source/mp3/chengyu/111覆水难收.mp3"
    },
    {
        "id": 112,
        "name": "112改过自新",
        "dataUrl": "/source/mp3/chengyu/112改过自新.mp3"
    },
    {
        "id": 113,
        "name": "113高朋满座",
        "dataUrl": "/source/mp3/chengyu/113高朋满座.mp3"
    },
    {
        "id": 114,
        "name": "114高山流水",
        "dataUrl": "/source/mp3/chengyu/114高山流水.mp3"
    },
    {
        "id": 115,
        "name": "115高枕无忧",
        "dataUrl": "/source/mp3/chengyu/115高枕无忧.mp3"
    },
    {
        "id": 116,
        "name": "116割席分坐",
        "dataUrl": "/source/mp3/chengyu/116割席分坐.mp3"
    },
    {
        "id": 117,
        "name": "117各自为政",
        "dataUrl": "/source/mp3/chengyu/117各自为政.mp3"
    },
    {
        "id": 118,
        "name": "118功败垂成",
        "dataUrl": "/source/mp3/chengyu/118功败垂成.mp3"
    },
    {
        "id": 119,
        "name": "119功亏一篑",
        "dataUrl": "/source/mp3/chengyu/119功亏一篑.mp3"
    },
    {
        "id": 120,
        "name": "120狗尾续貂",
        "dataUrl": "/source/mp3/chengyu/120狗尾续貂.mp3"
    },
    {
        "id": 121,
        "name": "121垢辱不闻",
        "dataUrl": "/source/mp3/chengyu/121垢辱不闻.mp3"
    },
    {
        "id": 122,
        "name": "122狐假虎威",
        "dataUrl": "/source/mp3/chengyu/122狐假虎威.mp3"
    },
    {
        "id": 123,
        "name": "123孤注一掷",
        "dataUrl": "/source/mp3/chengyu/123孤注一掷.mp3"
    },
    {
        "id": 124,
        "name": "124瓜代有期",
        "dataUrl": "/source/mp3/chengyu/124瓜代有期.mp3"
    },
    {
        "id": 125,
        "name": "125瓜田李下",
        "dataUrl": "/source/mp3/chengyu/125瓜田李下.mp3"
    },
    {
        "id": 126,
        "name": "126刮目相看",
        "dataUrl": "/source/mp3/chengyu/126刮目相看.mp3"
    },
    {
        "id": 127,
        "name": "127管鲍之交",
        "dataUrl": "/source/mp3/chengyu/127管鲍之交.mp3"
    },
    {
        "id": 128,
        "name": "128管中窥豹",
        "dataUrl": "/source/mp3/chengyu/128管中窥豹.mp3"
    },
    {
        "id": 129,
        "name": "129归马放牛",
        "dataUrl": "/source/mp3/chengyu/129归马放牛.mp3"
    },
    {
        "id": 130,
        "name": "130贵人多忘事",
        "dataUrl": "/source/mp3/chengyu/130贵人多忘事.mp3"
    },
    {
        "id": 131,
        "name": "131过河拆桥",
        "dataUrl": "/source/mp3/chengyu/131过河拆桥.mp3"
    },
    {
        "id": 132,
        "name": "132过门不入",
        "dataUrl": "/source/mp3/chengyu/132过门不入.mp3"
    },
    {
        "id": 133,
        "name": "133骇人听闻",
        "dataUrl": "/source/mp3/chengyu/133骇人听闻.mp3"
    },
    {
        "id": 134,
        "name": "134害群之马",
        "dataUrl": "/source/mp3/chengyu/134害群之马.mp3"
    },
    {
        "id": 135,
        "name": "135含沙射影",
        "dataUrl": "/source/mp3/chengyu/135含沙射影.mp3"
    },
    {
        "id": 136,
        "name": "136邯郸学步",
        "dataUrl": "/source/mp3/chengyu/136邯郸学步.mp3"
    },
    {
        "id": 137,
        "name": "137汗马功劳",
        "dataUrl": "/source/mp3/chengyu/137汗马功劳.mp3"
    },
    {
        "id": 138,
        "name": "138汗牛充栋",
        "dataUrl": "/source/mp3/chengyu/138汗牛充栋.mp3"
    },
    {
        "id": 139,
        "name": "139涸辙之鲋",
        "dataUrl": "/source/mp3/chengyu/139涸辙之鲋.mp3"
    },
    {
        "id": 140,
        "name": "140鹤立鸡群",
        "dataUrl": "/source/mp3/chengyu/140鹤立鸡群.mp3"
    },
    {
        "id": 141,
        "name": "141侯门如海",
        "dataUrl": "/source/mp3/chengyu/141侯门如海.mp3"
    },
    {
        "id": 142,
        "name": "142后顾之忧",
        "dataUrl": "/source/mp3/chengyu/142后顾之忧.mp3"
    },
    {
        "id": 143,
        "name": "143后来居上",
        "dataUrl": "/source/mp3/chengyu/143后来居上.mp3"
    },
    {
        "id": 144,
        "name": "144后起之秀",
        "dataUrl": "/source/mp3/chengyu/144后起之秀.mp3"
    },
    {
        "id": 145,
        "name": "145后生可畏",
        "dataUrl": "/source/mp3/chengyu/145后生可畏.mp3"
    },
    {
        "id": 146,
        "name": "146囫囵吞枣",
        "dataUrl": "/source/mp3/chengyu/146囫囵吞枣.mp3"
    },
    {
        "id": 147,
        "name": "147狐假虎威",
        "dataUrl": "/source/mp3/chengyu/147狐假虎威.mp3"
    },
    {
        "id": 148,
        "name": "148狐疑不决",
        "dataUrl": "/source/mp3/chengyu/148狐疑不决.mp3"
    },
    {
        "id": 149,
        "name": "149虎口余生",
        "dataUrl": "/source/mp3/chengyu/149虎口余生.mp3"
    },
    {
        "id": 150,
        "name": "150作威作福",
        "dataUrl": "/source/mp3/chengyu/150作威作福.mp3"
    }
]