[
    {
        "id": 351,
        "name": "351尾大不掉",
        "dataUrl": "/source/mp3/chengyu/351尾大不掉.mp3"
    },
    {
        "id": 352,
        "name": "352未可厚非",
        "dataUrl": "/source/mp3/chengyu/352未可厚非.mp3"
    },
    {
        "id": 353,
        "name": "353未雨绸缪",
        "dataUrl": "/source/mp3/chengyu/353未雨绸缪.mp3"
    },
    {
        "id": 354,
        "name": "354闻鸡起舞",
        "dataUrl": "/source/mp3/chengyu/354闻鸡起舞.mp3"
    },
    {
        "id": 355,
        "name": "355卧薪尝胆",
        "dataUrl": "/source/mp3/chengyu/355卧薪尝胆.mp3"
    },
    {
        "id": 356,
        "name": "356五十步，笑百步",
        "dataUrl": "/source/mp3/chengyu/356五十步，笑百步.mp3"
    },
    {
        "id": 357,
        "name": "357先发制人",
        "dataUrl": "/source/mp3/chengyu/357先发制人.mp3"
    },
    {
        "id": 358,
        "name": "358衔环报恩",
        "dataUrl": "/source/mp3/chengyu/358衔环报恩.mp3"
    },
    {
        "id": 359,
        "name": "359相煎太急",
        "dataUrl": "/source/mp3/chengyu/359相煎太急.mp3"
    },
    {
        "id": 360,
        "name": "360项庄舞剑，意在沛公",
        "dataUrl": "/source/mp3/chengyu/360项庄舞剑，意在沛公.mp3"
    },
    {
        "id": 361,
        "name": "361胸有成竹",
        "dataUrl": "/source/mp3/chengyu/361胸有成竹.mp3"
    },
    {
        "id": 362,
        "name": "362悬梁刺股",
        "dataUrl": "/source/mp3/chengyu/362悬梁刺股.mp3"
    },
    {
        "id": 363,
        "name": "363掩耳盗铃",
        "dataUrl": "/source/mp3/chengyu/363掩耳盗铃.mp3"
    },
    {
        "id": 364,
        "name": "364仰人鼻息",
        "dataUrl": "/source/mp3/chengyu/364仰人鼻息.mp3"
    },
    {
        "id": 365,
        "name": "365野人献曝",
        "dataUrl": "/source/mp3/chengyu/365野人献曝.mp3"
    },
    {
        "id": 366,
        "name": "366叶公好龙",
        "dataUrl": "/source/mp3/chengyu/366叶公好龙.mp3"
    },
    {
        "id": 367,
        "name": "367夜郎自大",
        "dataUrl": "/source/mp3/chengyu/367夜郎自大.mp3"
    },
    {
        "id": 368,
        "name": "368一败涂地",
        "dataUrl": "/source/mp3/chengyu/368一败涂地.mp3"
    },
    {
        "id": 369,
        "name": "369一不做，二不休",
        "dataUrl": "/source/mp3/chengyu/369一不做，二不休.mp3"
    },
    {
        "id": 370,
        "name": "370一饭千金",
        "dataUrl": "/source/mp3/chengyu/370一饭千金.mp3"
    },
    {
        "id": 371,
        "name": "371一鼓作气",
        "dataUrl": "/source/mp3/chengyu/371一鼓作气.mp3"
    },
    {
        "id": 372,
        "name": "372一寒如此",
        "dataUrl": "/source/mp3/chengyu/372一寒如此.mp3"
    },
    {
        "id": 373,
        "name": "373一箭双雕",
        "dataUrl": "/source/mp3/chengyu/373一箭双雕.mp3"
    },
    {
        "id": 374,
        "name": "374一毛不拔",
        "dataUrl": "/source/mp3/chengyu/374一毛不拔.mp3"
    },
    {
        "id": 375,
        "name": "375一鸣惊人",
        "dataUrl": "/source/mp3/chengyu/375一鸣惊人.mp3"
    },
    {
        "id": 376,
        "name": "376一人得道，鸡犬升天",
        "dataUrl": "/source/mp3/chengyu/376一人得道，鸡犬升天.mp3"
    },
    {
        "id": 377,
        "name": "377一日千里",
        "dataUrl": "/source/mp3/chengyu/377一日千里.mp3"
    },
    {
        "id": 378,
        "name": "378一身是胆",
        "dataUrl": "/source/mp3/chengyu/378一身是胆.mp3"
    },
    {
        "id": 379,
        "name": "379一叶障目，不见泰山",
        "dataUrl": "/source/mp3/chengyu/379一叶障目，不见泰山.mp3"
    },
    {
        "id": 380,
        "name": "380一衣带水",
        "dataUrl": "/source/mp3/chengyu/380一衣带水.mp3"
    },
    {
        "id": 381,
        "name": "381一字千金",
        "dataUrl": "/source/mp3/chengyu/381一字千金.mp3"
    },
    {
        "id": 382,
        "name": "382一字之师",
        "dataUrl": "/source/mp3/chengyu/382一字之师.mp3"
    },
    {
        "id": 383,
        "name": "383颐指气使",
        "dataUrl": "/source/mp3/chengyu/383颐指气使.mp3"
    },
    {
        "id": 384,
        "name": "384以身试法",
        "dataUrl": "/source/mp3/chengyu/384以身试法.mp3"
    },
    {
        "id": 385,
        "name": "385以逸待劳",
        "dataUrl": "/source/mp3/chengyu/385以逸待劳.mp3"
    },
    {
        "id": 386,
        "name": "386因势利导",
        "dataUrl": "/source/mp3/chengyu/386因势利导.mp3"
    },
    {
        "id": 387,
        "name": "387引狼入室",
        "dataUrl": "/source/mp3/chengyu/387引狼入室.mp3"
    },
    {
        "id": 388,
        "name": "388庸人自扰",
        "dataUrl": "/source/mp3/chengyu/388庸人自扰.mp3"
    },
    {
        "id": 389,
        "name": "389有志者事竟成",
        "dataUrl": "/source/mp3/chengyu/389有志者事竟成.mp3"
    },
    {
        "id": 390,
        "name": "390鱼贯而入",
        "dataUrl": "/source/mp3/chengyu/390鱼贯而入.mp3"
    },
    {
        "id": 391,
        "name": "391与虎谋皮",
        "dataUrl": "/source/mp3/chengyu/391与虎谋皮.mp3"
    },
    {
        "id": 392,
        "name": "392约法三章",
        "dataUrl": "/source/mp3/chengyu/392约法三章.mp3"
    },
    {
        "id": 393,
        "name": "393月下老人",
        "dataUrl": "/source/mp3/chengyu/393月下老人.mp3"
    },
    {
        "id": 394,
        "name": "394只许周官放火，不许百姓点灯",
        "dataUrl": "/source/mp3/chengyu/394只许周官放火，不许百姓点灯.mp3"
    },
    {
        "id": 395,
        "name": "395纸上谈兵",
        "dataUrl": "/source/mp3/chengyu/395纸上谈兵.mp3"
    },
    {
        "id": 396,
        "name": "396指鹿为马",
        "dataUrl": "/source/mp3/chengyu/396指鹿为马.mp3"
    },
    {
        "id": 397,
        "name": "397志大才疏",
        "dataUrl": "/source/mp3/chengyu/397志大才疏.mp3"
    },
    {
        "id": 398,
        "name": "398志在四方",
        "dataUrl": "/source/mp3/chengyu/398志在四方.mp3"
    },
    {
        "id": 399,
        "name": "399众叛亲离",
        "dataUrl": "/source/mp3/chengyu/399众叛亲离.mp3"
    },
    {
        "id": 400,
        "name": "400专心致志",
        "dataUrl": "/source/mp3/chengyu/400专心致志.mp3"
    },
    {
        "id": 401,
        "name": "401自相矛盾",
        "dataUrl": "/source/mp3/chengyu/401自相矛盾.mp3"
    }
]