[
    {
      "name": "资料下载",
      "id": "1",
      "cardType": "html",
      "dataUrl": "/source/html/xia.zai.navigation.html",
      "icon":"download.grey.svg",
      "class": "",
      "list": []
    },
  {
    "name": "在线测试",
    "id": "2",
    "cardType": "navigation",
    "openType": "",
    "icon":"develop.grey.svg",
    "dataUrl": "/source/json/ce.shi.json",
    "class": "",
    "list": []
  },
  {
    "id": "3",
    "name": "在线听故事",
    "cardType": "navigation",
    "icon":"ting.grey.svg",
    "dataUrl": "/source/json/ting.json",
    "class": "",
    "list": []
  },
    {
      "id": "4",
      "name": "益智休闲",
      "cardType": "navigation",
      "icon":"yizhi.grey.svg",
      "dataUrl": "/source/json/yi.zhi.json",
      "class": "",
      "list": []
    }
  ]