[
  {
    "questions": "As soon as she ______ in New York, she’ll ring us up.",
    "answerList": [
      {
        "id": "23mxipv6ymb",
        "name": "would be",
        "value": "would be",
        "optionLetter": "A",
        "selectAnswerClass": "",
        "selectAnswerResultClass": "",
        "selectAnswerResultIcon": ""
      },
      {
        "id": "2p3ocw59epw",
        "name": "is",
        "value": "is",
        "optionLetter": "B",
        "selectAnswerClass": "",
        "selectAnswerResultClass": "",
        "selectAnswerResultIcon": ""
      },
      {
        "id": "32hfgiycw3",
        "name": "will be",
        "value": "will be",
        "optionLetter": "C",
        "selectAnswerClass": "",
        "selectAnswerResultClass": "",
        "selectAnswerResultIcon": ""
      },
      {
        "id": "1kmswyibef7",
        "name": "was",
        "value": "was",
        "optionLetter": "D",
        "selectAnswerClass": "",
        "selectAnswerResultClass": "",
        "selectAnswerResultIcon": ""
      }
    ],
    "description": "As soon as she is in New York, she’ll ring us up.",
    "rightValue": "is",
    "value": "is",
    "selectItem": {},
    "selectResult": ""
  },
  {
    "questions": "I very much hope it’ll rain soon. We ____ a drop for over a month.",
    "answerList": [
      {
        "id": "1f7ueg2w91f",
        "name": "haven't had",
        "value": "haven't had",
        "optionLetter": "A",
        "selectAnswerClass": "",
        "selectAnswerResultClass": "",
        "selectAnswerResultIcon": ""
      },
      {
        "id": "fh47gupv43",
        "name": "didn't have",
        "value": "didn't have",
        "optionLetter": "B",
        "selectAnswerClass": "",
        "selectAnswerResultClass": "",
        "selectAnswerResultIcon": ""
      },
      {
        "id": "jpjeqog3wj",
        "name": "hadn't",
        "value": "hadn't",
        "optionLetter": "C",
        "selectAnswerClass": "",
        "selectAnswerResultClass": "",
        "selectAnswerResultIcon": ""
      },
      {
        "id": "24x0fw6oxxf",
        "name": "haven't",
        "value": "haven't",
        "optionLetter": "D",
        "selectAnswerClass": "",
        "selectAnswerResultClass": "",
        "selectAnswerResultIcon": ""
      }
    ],
    "description": "I very much hope it’ll rain soon. We haven't had a drop for over a month.",
    "rightValue": "haven't had",
    "value": "haven't had",
    "selectItem": {},
    "selectResult": ""
  },
  {
    "questions": "He will come as soon as he _____ the news.",
    "answerList": [
      {
        "id": "21rkxx8uj0j",
        "name": "will have heared",
        "value": "will have heared",
        "optionLetter": "A",
        "selectAnswerClass": "",
        "selectAnswerResultClass": "",
        "selectAnswerResultIcon": ""
      },
      {
        "id": "1hs08spw7nn",
        "name": "will be hearing",
        "value": "will be hearing",
        "optionLetter": "B",
        "selectAnswerClass": "",
        "selectAnswerResultClass": "",
        "selectAnswerResultIcon": ""
      },
      {
        "id": "1qqkp0ye2tf",
        "name": "hears",
        "value": "hears",
        "optionLetter": "C",
        "selectAnswerClass": "",
        "selectAnswerResultClass": "",
        "selectAnswerResultIcon": ""
      },
      {
        "id": "10qrtrp65s3",
        "name": "will hear",
        "value": "will hear",
        "optionLetter": "D",
        "selectAnswerClass": "",
        "selectAnswerResultClass": "",
        "selectAnswerResultIcon": ""
      }
    ],
    "description": "He will come as soon as he hears the news.",
    "rightValue": "hears",
    "value": "hears",
    "selectItem": {},
    "selectResult": ""
  },
  {
    "questions": "As soon as he _____, tell him to call me back, please.",
    "answerList": [
      {
        "id": "1c9i4cknzk3",
        "name": "will arrive",
        "value": "will arrive",
        "optionLetter": "A",
        "selectAnswerClass": "",
        "selectAnswerResultClass": "",
        "selectAnswerResultIcon": ""
      },
      {
        "id": "1nvs0v5yw1v",
        "name": "arrives",
        "value": "arrives",
        "optionLetter": "B",
        "selectAnswerClass": "",
        "selectAnswerResultClass": "",
        "selectAnswerResultIcon": ""
      },
      {
        "id": "6pmz41u5dv",
        "name": "would arriving",
        "value": "would arriving",
        "optionLetter": "C",
        "selectAnswerClass": "",
        "selectAnswerResultClass": "",
        "selectAnswerResultIcon": ""
      },
      {
        "id": "2owl50pn9ac",
        "name": "is arriving",
        "value": "is arriving",
        "optionLetter": "D",
        "selectAnswerClass": "",
        "selectAnswerResultClass": "",
        "selectAnswerResultIcon": ""
      }
    ],
    "description": "As soon as he arrives tell him to call me back, please.",
    "rightValue": "arrives",
    "value": "arrives",
    "selectItem": {},
    "selectResult": ""
  },
  {
    "questions": "Oil _____ on water ",
    "answerList": [
      {
        "id": "28gmdlzrnpf",
        "name": "is floating",
        "value": "is floating",
        "optionLetter": "A",
        "selectAnswerClass": "",
        "selectAnswerResultClass": "",
        "selectAnswerResultIcon": ""
      },
      {
        "id": "4g3ykk9ewz",
        "name": "used to float",
        "value": "used to float",
        "optionLetter": "B",
        "selectAnswerClass": "",
        "selectAnswerResultClass": "",
        "selectAnswerResultIcon": ""
      },
      {
        "id": "1l0zcpdjpab",
        "name": "floats",
        "value": "floats",
        "optionLetter": "C",
        "selectAnswerClass": "",
        "selectAnswerResultClass": "",
        "selectAnswerResultIcon": ""
      },
      {
        "id": "2ly8ux7ezt0",
        "name": "will float",
        "value": "will float",
        "optionLetter": "D",
        "selectAnswerClass": "",
        "selectAnswerResultClass": "",
        "selectAnswerResultIcon": ""
      }
    ],
    "description": "Oil floats on water",
    "rightValue": "floats",
    "value": "floats",
    "selectItem": {},
    "selectResult": ""
  },
  {
    "questions": "When _____ English?",
    "answerList": [
      {
        "id": "2erhdjvghj7",
        "name": "has he begun to study",
        "value": "has he begun to study",
        "optionLetter": "A",
        "selectAnswerClass": "",
        "selectAnswerResultClass": "",
        "selectAnswerResultIcon": ""
      },
      {
        "id": "1qce9a35ryb",
        "name": "did he begin to study",
        "value": "did he begin to study",
        "optionLetter": "B",
        "selectAnswerClass": "",
        "selectAnswerResultClass": "",
        "selectAnswerResultIcon": ""
      },
      {
        "id": "2357h1a5l1f",
        "name": "did he begin study",
        "value": "did he begin study",
        "optionLetter": "C",
        "selectAnswerClass": "",
        "selectAnswerResultClass": "",
        "selectAnswerResultIcon": ""
      },
      {
        "id": "2mcfao2nao4",
        "name": "has he begin study",
        "value": "has he begin study",
        "optionLetter": "D",
        "selectAnswerClass": "",
        "selectAnswerResultClass": "",
        "selectAnswerResultIcon": ""
      }
    ],
    "description": "when did he begin to study English?",
    "rightValue": "did he begin to study",
    "value": "did he begin to study",
    "selectItem": {},
    "selectResult": ""
  },
  {
    "questions": "They _____ to the cinema whenever they can.",
    "answerList": [
      {
        "id": "1zi1xdr9sjn",
        "name": "have gone",
        "value": "have gone",
        "optionLetter": "A",
        "selectAnswerClass": "",
        "selectAnswerResultClass": "",
        "selectAnswerResultIcon": ""
      },
      {
        "id": "1vrcrsikxc3",
        "name": "go",
        "value": "go",
        "optionLetter": "B",
        "selectAnswerClass": "",
        "selectAnswerResultClass": "",
        "selectAnswerResultIcon": ""
      },
      {
        "id": "5q6vqvre83",
        "name": "would have gone",
        "value": "would have gone",
        "optionLetter": "C",
        "selectAnswerClass": "",
        "selectAnswerResultClass": "",
        "selectAnswerResultIcon": ""
      },
      {
        "id": "1zi1xdr9sjn",
        "name": "are going",
        "value": "are going",
        "optionLetter": "D",
        "selectAnswerClass": "",
        "selectAnswerResultClass": "",
        "selectAnswerResultIcon": ""
      }
    ],
    "description": "They go to the cinema whenever they can.",
    "rightValue": "go",
    "value": "go",
    "selectItem": {},
    "selectResult": ""
  },
  {
    "questions": "I’ve heard about the book, but I _____ it yet.",
    "answerList": [
      {
        "id": "1qn1338l03n",
        "name": "haven't read",
        "value": "haven't read",
        "optionLetter": "A",
        "selectAnswerClass": "",
        "selectAnswerResultClass": "",
        "selectAnswerResultIcon": ""
      },
      {
        "id": "t9dil7sfcz",
        "name": "don't read",
        "value": "don't read",
        "optionLetter": "B",
        "selectAnswerClass": "",
        "selectAnswerResultClass": "",
        "selectAnswerResultIcon": ""
      },
      {
        "id": "1zw8d4mi3er",
        "name": "hadn't read",
        "value": "hadn't read",
        "optionLetter": "C",
        "selectAnswerClass": "",
        "selectAnswerResultClass": "",
        "selectAnswerResultIcon": ""
      },
      {
        "id": "1bdlmx4eb43",
        "name": "didn't read",
        "value": "didn't read",
        "optionLetter": "D",
        "selectAnswerClass": "",
        "selectAnswerResultClass": "",
        "selectAnswerResultIcon": ""
      }
    ],
    "description": "I’ve heard about the book, but I haven't read it yet.",
    "rightValue": "haven't read",
    "value": "haven't read",
    "selectItem": {},
    "selectResult": ""
  },
  {
    "questions": "_____ young Thomson recently?",
    "answerList": [
      {
        "id": "51dm6v3v7n",
        "name": "Have you seen",
        "value": "Have you seen",
        "optionLetter": "A",
        "selectAnswerClass": "",
        "selectAnswerResultClass": "",
        "selectAnswerResultIcon": ""
      },
      {
        "id": "1brs2nzmlz7",
        "name": "Had you seen",
        "value": "Had you seen",
        "optionLetter": "B",
        "selectAnswerClass": "",
        "selectAnswerResultClass": "",
        "selectAnswerResultIcon": ""
      },
      {
        "id": "11j4p9fmrib",
        "name": "Did you see",
        "value": "Did you see",
        "optionLetter": "C",
        "selectAnswerClass": "",
        "selectAnswerResultClass": "",
        "selectAnswerResultIcon": ""
      },
      {
        "id": "oc51rdenk3",
        "name": "Were you seeing",
        "value": "Were you seeing",
        "optionLetter": "D",
        "selectAnswerClass": "",
        "selectAnswerResultClass": "",
        "selectAnswerResultIcon": ""
      }
    ],
    "description": "Have you seen young Thomson recently?",
    "rightValue": "Have you seen",
    "value": "Have you seen",
    "selectItem": {},
    "selectResult": ""
  },
  {
    "questions": "This old man was a general in the war. Now he _____ on a pension.",
    "answerList": [
      {
        "id": "159tuuobmpv",
        "name": "'s been living",
        "value": "'s been living",
        "optionLetter": "A",
        "selectAnswerClass": "",
        "selectAnswerResultClass": "",
        "selectAnswerResultIcon": ""
      },
      {
        "id": "o1i7y7zfer",
        "name": "'s lived",
        "value": "'s lived",
        "optionLetter": "B",
        "selectAnswerClass": "",
        "selectAnswerResultClass": "",
        "selectAnswerResultIcon": ""
      },
      {
        "id": "anfckq560z",
        "name": "is living",
        "value": "is living",
        "optionLetter": "C",
        "selectAnswerClass": "",
        "selectAnswerResultClass": "",
        "selectAnswerResultIcon": ""
      },
      {
        "id": "5j3nvg58sj",
        "name": "lives",
        "value": "lives",
        "optionLetter": "D",
        "selectAnswerClass": "",
        "selectAnswerResultClass": "",
        "selectAnswerResultIcon": ""
      }
    ],
    "description": "This old man was a general in the war. Now he lives on a pension.",
    "rightValue": "lives",
    "value": "lives",
    "selectItem": {},
    "selectResult": ""
  },
  {
    "questions": "It's really a small problem - you shouldn't make it _______ to be worse than it is.",
    "answerList": [
      {
        "id": "2jhmmia83wk",
        "name": "out",
        "value": "out",
        "optionLetter": "A",
        "selectAnswerClass": "",
        "selectAnswerResultClass": "",
        "selectAnswerResultIcon": ""
      },
      {
        "id": "j49r4dlnlv",
        "name": "over",
        "value": "over",
        "optionLetter": "B",
        "selectAnswerClass": "",
        "selectAnswerResultClass": "",
        "selectAnswerResultIcon": ""
      },
      {
        "id": "ay26dvke6b",
        "name": "up",
        "value": "up",
        "optionLetter": "C",
        "selectAnswerClass": "",
        "selectAnswerResultClass": "",
        "selectAnswerResultIcon": ""
      },
      {
        "id": "1uktgjww0qr",
        "name": "to",
        "value": "to",
        "optionLetter": "D",
        "selectAnswerClass": "",
        "selectAnswerResultClass": "",
        "selectAnswerResultIcon": ""
      }
    ],
    "description": "To make something out to be means to describe or portray it as different than it really is",
    "rightValue": "out",
    "value": "out",
    "selectItem": {},
    "selectResult": ""
  },
  {
    "questions": "Our plans for a weekend trip fell _______ because my husband had to work overtime.",
    "answerList": [
      {
        "id": "1bh58uu7dtv",
        "name": "away",
        "value": "away",
        "optionLetter": "A",
        "selectAnswerClass": "",
        "selectAnswerResultClass": "",
        "selectAnswerResultIcon": ""
      },
      {
        "id": "45h4reu6rn",
        "name": "through",
        "value": "through",
        "optionLetter": "B",
        "selectAnswerClass": "",
        "selectAnswerResultClass": "",
        "selectAnswerResultIcon": ""
      },
      {
        "id": "1fbe0dspbr7",
        "name": "out",
        "value": "out",
        "optionLetter": "C",
        "selectAnswerClass": "",
        "selectAnswerResultClass": "",
        "selectAnswerResultIcon": ""
      },
      {
        "id": "1cybdwlbikj",
        "name": "throughout",
        "value": "throughout",
        "optionLetter": "D",
        "selectAnswerClass": "",
        "selectAnswerResultClass": "",
        "selectAnswerResultIcon": ""
      }
    ],
    "description": "If a project or plan \"falls through,\" it means it fails and is not successful or not implemented.",
    "rightValue": "through",
    "value": "through",
    "selectItem": {},
    "selectResult": ""
  },
  {
    "questions": "My neighbor dropped _______ yesterday afternoon for a cup of tea.",
    "answerList": [
      {
        "id": "24tgtygvv7n",
        "name": "by",
        "value": "by",
        "optionLetter": "A",
        "selectAnswerClass": "",
        "selectAnswerResultClass": "",
        "selectAnswerResultIcon": ""
      },
      {
        "id": "1pnkzq2i8xw",
        "name": "off",
        "value": "off",
        "optionLetter": "B",
        "selectAnswerClass": "",
        "selectAnswerResultClass": "",
        "selectAnswerResultIcon": ""
      },
      {
        "id": "1ae5jjybjyc",
        "name": "over",
        "value": "over",
        "optionLetter": "C",
        "selectAnswerClass": "",
        "selectAnswerResultClass": "",
        "selectAnswerResultIcon": ""
      },
      {
        "id": "mnvou6oddw",
        "name": "to",
        "value": "to",
        "optionLetter": "D",
        "selectAnswerClass": "",
        "selectAnswerResultClass": "",
        "selectAnswerResultIcon": ""
      }
    ],
    "description": "To \"stop by\" or \"drop by\" means to go for a quick, informal visit.",
    "rightValue": "by",
    "value": "by",
    "selectItem": {},
    "selectResult": ""
  },
  {
    "questions": "I missed yesterday's episode, can you fill me ________ on what happened?",
    "answerList": [
      {
        "id": "1nvs0v5yw1w",
        "name": "to",
        "value": "to",
        "optionLetter": "A",
        "selectAnswerClass": "",
        "selectAnswerResultClass": "",
        "selectAnswerResultIcon": ""
      },
      {
        "id": "101msgzrus",
        "name": "up",
        "value": "up",
        "optionLetter": "B",
        "selectAnswerClass": "",
        "selectAnswerResultClass": "",
        "selectAnswerResultIcon": ""
      },
      {
        "id": "pioczz3k5g",
        "name": "out",
        "value": "out",
        "optionLetter": "C",
        "selectAnswerClass": "",
        "selectAnswerResultClass": "",
        "selectAnswerResultIcon": ""
      },
      {
        "id": "118hvga7jd0",
        "name": "in",
        "value": "in",
        "optionLetter": "D",
        "selectAnswerClass": "",
        "selectAnswerResultClass": "",
        "selectAnswerResultIcon": ""
      }
    ],
    "description": "To \"fill someone in\" on something means to give them information/updates that they previously missed.",
    "rightValue": "in",
    "value": "in",
    "selectItem": {},
    "selectResult": ""
  },
  {
    "questions": "All the students pitched _______ to clean up the classroom.",
    "answerList": [
      {
        "id": "24mdm319ps4",
        "name": "around",
        "value": "around",
        "optionLetter": "A",
        "selectAnswerClass": "",
        "selectAnswerResultClass": "",
        "selectAnswerResultIcon": ""
      },
      {
        "id": "2dz4i24zvt0",
        "name": "by",
        "value": "by",
        "optionLetter": "B",
        "selectAnswerClass": "",
        "selectAnswerResultClass": "",
        "selectAnswerResultIcon": ""
      },
      {
        "id": "klfw64psck",
        "name": "in",
        "value": "in",
        "optionLetter": "C",
        "selectAnswerClass": "",
        "selectAnswerResultClass": "",
        "selectAnswerResultIcon": ""
      },
      {
        "id": "1lwvu4ttdqc",
        "name": "so",
        "value": "so",
        "optionLetter": "D",
        "selectAnswerClass": "",
        "selectAnswerResultClass": "",
        "selectAnswerResultIcon": ""
      }
    ],
    "description": "To \"pitch in\" means to contribute help to a group effort.",
    "rightValue": "in",
    "value": "in",
    "selectItem": {},
    "selectResult": ""
  },
  {
    "questions": "He was kicked _______ of college for cheating on a test",
    "answerList": [
      {
        "id": "cf8bfmoix0",
        "name": "off",
        "value": "off",
        "optionLetter": "A",
        "selectAnswerClass": "",
        "selectAnswerResultClass": "",
        "selectAnswerResultIcon": ""
      },
      {
        "id": "101yk7oimro",
        "name": "out",
        "value": "out",
        "optionLetter": "B",
        "selectAnswerClass": "",
        "selectAnswerResultClass": "",
        "selectAnswerResultIcon": ""
      },
      {
        "id": "1lpsm9e78as",
        "name": "away",
        "value": "away",
        "optionLetter": "C",
        "selectAnswerClass": "",
        "selectAnswerResultClass": "",
        "selectAnswerResultIcon": ""
      },
      {
        "id": "2hwwvitawg4",
        "name": "through",
        "value": "through",
        "optionLetter": "D",
        "selectAnswerClass": "",
        "selectAnswerResultClass": "",
        "selectAnswerResultIcon": ""
      }
    ],
    "description": "If someone is \"kicked out,\" it means they are forced to leave a group, school, or house.",
    "rightValue": "out",
    "value": "out",
    "selectItem": {},
    "selectResult": ""
  },
  {
    "questions": "If someone's making unreasonable demands, you shouldn't give _______",
    "answerList": [
      {
        "id": "k3puhjoero",
        "name": "in",
        "value": "in",
        "optionLetter": "A",
        "selectAnswerClass": "",
        "selectAnswerResultClass": "",
        "selectAnswerResultIcon": ""
      },
      {
        "id": "rl45o1256s",
        "name": "by",
        "value": "by",
        "optionLetter": "B",
        "selectAnswerClass": "",
        "selectAnswerResultClass": "",
        "selectAnswerResultIcon": ""
      },
      {
        "id": "1pcy5wx30sk",
        "name": "out",
        "value": "out",
        "optionLetter": "C",
        "selectAnswerClass": "",
        "selectAnswerResultClass": "",
        "selectAnswerResultIcon": ""
      },
      {
        "id": "1kqciw84h50",
        "name": "into",
        "value": "into",
        "optionLetter": "D",
        "selectAnswerClass": "",
        "selectAnswerResultClass": "",
        "selectAnswerResultIcon": ""
      }
    ],
    "description": "To \"give in\" means to yield or submit to something.",
    "rightValue": "in",
    "value": "in",
    "selectItem": {},
    "selectResult": ""
  },
  {
    "questions": "I hope I don't slip _______ when giving my speech!",
    "answerList": [
      {
        "id": "1irgc5vyytg",
        "name": "along",
        "value": "along",
        "optionLetter": "A",
        "selectAnswerClass": "",
        "selectAnswerResultClass": "",
        "selectAnswerResultIcon": ""
      },
      {
        "id": "so3uywxz2c",
        "name": "on",
        "value": "on",
        "optionLetter": "B",
        "selectAnswerClass": "",
        "selectAnswerResultClass": "",
        "selectAnswerResultIcon": ""
      },
      {
        "id": "jwmmm429c4",
        "name": "up",
        "value": "up",
        "optionLetter": "C",
        "selectAnswerClass": "",
        "selectAnswerResultClass": "",
        "selectAnswerResultIcon": ""
      },
      {
        "id": "257n9pc462s",
        "name": "in",
        "value": "in",
        "optionLetter": "D",
        "selectAnswerClass": "",
        "selectAnswerResultClass": "",
        "selectAnswerResultIcon": ""
      }
    ],
    "description": "To \"slip up\" means to make a mistake.",
    "rightValue": "up",
    "value": "up",
    "selectItem": {},
    "selectResult": ""
  },
  {
    "questions": "It's annoying when people promise to do something, but later back _______",
    "answerList": [
      {
        "id": "1ae5jjybjyc",
        "name": "down",
        "value": "down",
        "optionLetter": "A",
        "selectAnswerClass": "",
        "selectAnswerResultClass": "",
        "selectAnswerResultIcon": ""
      },
      {
        "id": "2cav54y9lms",
        "name": "off",
        "value": "off",
        "optionLetter": "B",
        "selectAnswerClass": "",
        "selectAnswerResultClass": "",
        "selectAnswerResultIcon": ""
      },
      {
        "id": "58gu2aq0n8",
        "name": "out",
        "value": "out",
        "optionLetter": "C",
        "selectAnswerClass": "",
        "selectAnswerResultClass": "",
        "selectAnswerResultIcon": ""
      },
      {
        "id": "27o9i49b1z8",
        "name": "up",
        "value": "up",
        "optionLetter": "D",
        "selectAnswerClass": "",
        "selectAnswerResultClass": "",
        "selectAnswerResultIcon": ""
      }
    ],
    "description": "To \"back out\" means NOT to do something you previously committed to.",
    "rightValue": "out",
    "value": "out",
    "selectItem": {},
    "selectResult": ""
  },
  {
    "questions": "We came ________ some old photographs while cleaning our parents' attic.",
    "answerList": [
      {
        "id": "g2dv35kbes",
        "name": "across",
        "value": "across",
        "optionLetter": "A",
        "selectAnswerClass": "",
        "selectAnswerResultClass": "",
        "selectAnswerResultIcon": ""
      },
      {
        "id": "1etnyp7ny6c",
        "name": "around",
        "value": "around",
        "optionLetter": "B",
        "selectAnswerClass": "",
        "selectAnswerResultClass": "",
        "selectAnswerResultIcon": ""
      },
      {
        "id": "2fqxgx1j8p0",
        "name": "up with",
        "value": "up with",
        "optionLetter": "C",
        "selectAnswerClass": "",
        "selectAnswerResultClass": "",
        "selectAnswerResultIcon": ""
      },
      {
        "id": "25ia3ihje84",
        "name": "with",
        "value": "with",
        "optionLetter": "D",
        "selectAnswerClass": "",
        "selectAnswerResultClass": "",
        "selectAnswerResultIcon": ""
      }
    ],
    "description": "To \"come across\" something means to find it unexpectedly.",
    "rightValue": "across",
    "value": "across",
    "selectItem": {},
    "selectResult": ""
  },
  {
    "questions": "Juan handled the ____ glasses very carefully.",
    "answerList": [
      {
        "id": "1091s344s78",
        "name": "glasses",
        "value": "glasses",
        "optionLetter": "A",
        "selectAnswerClass": "",
        "selectAnswerResultClass": "",
        "selectAnswerResultIcon": ""
      },
      {
        "id": "26zg8k8niys",
        "name": "very",
        "value": "very",
        "optionLetter": "B",
        "selectAnswerClass": "",
        "selectAnswerResultClass": "",
        "selectAnswerResultIcon": ""
      },
      {
        "id": "1mp8pmk9zgk",
        "name": "carefully",
        "value": "carefully",
        "optionLetter": "C",
        "selectAnswerClass": "",
        "selectAnswerResultClass": "",
        "selectAnswerResultIcon": ""
      },
      {
        "id": "2izwktp6qbo",
        "name": "breakable",
        "value": "breakable",
        "optionLetter": "D",
        "selectAnswerClass": "",
        "selectAnswerResultClass": "",
        "selectAnswerResultIcon": ""
      }
    ],
    "description": "Juan handled the breakable glasses very carefully.",
    "rightValue": "breakable",
    "value": "breakable",
    "selectItem": {},
    "selectResult": ""
  },
  {
    "questions": "Tanya is a ____ dancer",
    "answerList": [
      {
        "id": "2mxoyadhqys",
        "name": "graceful",
        "value": "graceful",
        "optionLetter": "A",
        "selectAnswerClass": "",
        "selectAnswerResultClass": "",
        "selectAnswerResultIcon": ""
      },
      {
        "id": "1cglc80a4zo",
        "name": "is",
        "value": "is",
        "optionLetter": "B",
        "selectAnswerClass": "",
        "selectAnswerResultClass": "",
        "selectAnswerResultIcon": ""
      },
      {
        "id": "2j6zsp4svr8",
        "name": "dancer",
        "value": "dancer",
        "optionLetter": "C",
        "selectAnswerClass": "",
        "selectAnswerResultClass": "",
        "selectAnswerResultIcon": ""
      },
      {
        "id": "2rulndj4qs",
        "name": "Tanya",
        "value": "Tanya",
        "optionLetter": "D",
        "selectAnswerClass": "",
        "selectAnswerResultClass": "",
        "selectAnswerResultIcon": ""
      }
    ],
    "description": "Tanya is a graceful dancer",
    "rightValue": "graceful",
    "value": "graceful",
    "selectItem": {},
    "selectResult": ""
  },
  {
    "questions": "The ____ baby clapped his hands excitedly.",
    "answerList": [
      {
        "id": "2abyyem43b8",
        "name": "his",
        "value": "his",
        "optionLetter": "A",
        "selectAnswerClass": "",
        "selectAnswerResultClass": "",
        "selectAnswerResultIcon": ""
      },
      {
        "id": "1hz3go5id38",
        "name": "excitedly",
        "value": "excitedly",
        "optionLetter": "B",
        "selectAnswerClass": "",
        "selectAnswerResultClass": "",
        "selectAnswerResultIcon": ""
      },
      {
        "id": "197m8bcmnd0",
        "name": "chubby",
        "value": "chubby",
        "optionLetter": "C",
        "selectAnswerClass": "",
        "selectAnswerResultClass": "",
        "selectAnswerResultIcon": ""
      },
      {
        "id": "2istcy9kkw4",
        "name": "clapped",
        "value": "clapped",
        "optionLetter": "D",
        "selectAnswerClass": "",
        "selectAnswerResultClass": "",
        "selectAnswerResultIcon": ""
      }
    ],
    "description": "The chubby baby clapped his hands excitedly.",
    "rightValue": "chubby",
    "value": "chubby",
    "selectItem": {},
    "selectResult": ""
  },


    {
      "questions": "Miranda walked with her ____ sister.",
      "answerList": [
        {
          "id": "1f0r6kna3lw",
          "name": "sister",
          "value": "sister",
          "optionLetter": "A",
          "selectAnswerClass": "",
          "selectAnswerResultClass": "",
          "selectAnswerResultIcon": ""
        },
        {
          "id": "2l2cdhr5bd0",
          "name": "little",
          "value": "little",
          "optionLetter": "B",
          "selectAnswerClass": "",
          "selectAnswerResultClass": "",
          "selectAnswerResultIcon": ""
        },
        {
          "id": "rahbuvmx1g",
          "name": "with",
          "value": "with",
          "optionLetter": "C",
          "selectAnswerClass": "",
          "selectAnswerResultClass": "",
          "selectAnswerResultIcon": ""
        },
        {
          "id": "105i65ebphg",
          "name": "walked",
          "value": "walked",
          "optionLetter": "D",
          "selectAnswerClass": "",
          "selectAnswerResultClass": "",
          "selectAnswerResultIcon": ""
        }
      ],
      "description": "Miranda walked with her little sister.",
      "rightValue": "little",
      "value": "little",
      "selectItem": {},
      "selectResult": ""
    },
    {
      "questions": "The children were happily painting ____ pictures.",
      "answerList": [
        {
          "id": "2357h1a5l1g",
          "name": "happily",
          "value": "happily",
          "optionLetter": "A",
          "selectAnswerClass": "",
          "selectAnswerResultClass": "",
          "selectAnswerResultIcon": ""
        },
        {
          "id": "njs69my1tw",
          "name": "colorful",
          "value": "colorful",
          "optionLetter": "B",
          "selectAnswerClass": "",
          "selectAnswerResultClass": "",
          "selectAnswerResultIcon": ""
        },
        {
          "id": "1oh1ohgtcck",
          "name": "painting",
          "value": "painting",
          "optionLetter": "C",
          "selectAnswerClass": "",
          "selectAnswerResultClass": "",
          "selectAnswerResultIcon": ""
        },
        {
          "id": "25ia3ihje84",
          "name": "pictures",
          "value": "pictures",
          "optionLetter": "D",
          "selectAnswerClass": "",
          "selectAnswerResultClass": "",
          "selectAnswerResultIcon": ""
        }
      ],
      "description": "The children were happily painting colorful pictures.",
      "rightValue": "colorful",
      "value": "colorful",
      "selectItem": {},
      "selectResult": ""
    },
    {
      "questions": "Matthew came home from soccer with a ____ uniform. ",
      "answerList": [
        {
          "id": "sdh15riqx0",
          "name": "soccer",
          "value": "soccer",
          "optionLetter": "A",
          "selectAnswerClass": "",
          "selectAnswerResultClass": "",
          "selectAnswerResultIcon": ""
        },
        {
          "id": "sdh15riqx0",
          "name": "filthy",
          "value": "filthy",
          "optionLetter": "B",
          "selectAnswerClass": "",
          "selectAnswerResultClass": "",
          "selectAnswerResultIcon": ""
        },
        {
          "id": "ronrlqv7wk",
          "name": "came",
          "value": "came",
          "optionLetter": "C",
          "selectAnswerClass": "",
          "selectAnswerResultClass": "",
          "selectAnswerResultIcon": ""
        },
        {
          "id": "syex1dmf8",
          "name": "uniform",
          "value": "uniform",
          "optionLetter": "D",
          "selectAnswerClass": "",
          "selectAnswerResultClass": "",
          "selectAnswerResultIcon": ""
        }
      ],
      "description": "Matthew came home from soccer with a filthy uniform. ",
      "rightValue": "filthy",
      "value": "filthy",
      "selectItem": {},
      "selectResult": ""
    },
    {
      "questions": "Emily loves her ____ puppy. ",
      "answerList": [
        {
          "id": "1tsgl26ff0k",
          "name": "shaggy",
          "value": "shaggy",
          "optionLetter": "A",
          "selectAnswerClass": "",
          "selectAnswerResultClass": "",
          "selectAnswerResultIcon": ""
        },
        {
          "id": "y32dhcd4g4",
          "name": "emily",
          "value": "emily",
          "optionLetter": "B",
          "selectAnswerClass": "",
          "selectAnswerResultClass": "",
          "selectAnswerResultIcon": ""
        },
        {
          "id": "3k7h53zqh0",
          "name": "her",
          "value": "her",
          "optionLetter": "C",
          "selectAnswerClass": "",
          "selectAnswerResultClass": "",
          "selectAnswerResultIcon": ""
        },
        {
          "id": "1dqo9ebs4as",
          "name": "loves",
          "value": "loves",
          "optionLetter": "D",
          "selectAnswerClass": "",
          "selectAnswerResultClass": "",
          "selectAnswerResultIcon": ""
        }
      ],
      "description": "Emily loves her shaggy puppy. ",
      "rightValue": "shaggy",
      "value": "shaggy",
      "selectItem": {},
      "selectResult": ""
    },
    {
      "questions": "Their ____ teacher assigned a lot of homework.",
      "answerList": [
        {
          "id": "bmvfxw7x6s",
          "name": "homework",
          "value": "homework",
          "optionLetter": "A",
          "selectAnswerClass": "",
          "selectAnswerResultClass": "",
          "selectAnswerResultIcon": ""
        },
        {
          "id": "2kv95mbj5xg",
          "name": "teacher",
          "value": "teacher",
          "optionLetter": "B",
          "selectAnswerClass": "",
          "selectAnswerResultClass": "",
          "selectAnswerResultIcon": ""
        },
        {
          "id": "28k5zjpkqf8",
          "name": "substitute",
          "value": "substitute",
          "optionLetter": "C",
          "selectAnswerClass": "",
          "selectAnswerResultClass": "",
          "selectAnswerResultIcon": ""
        },
        {
          "id": "1zi1xdr9sjo",
          "name": "assigned",
          "value": "assigned",
          "optionLetter": "D",
          "selectAnswerClass": "",
          "selectAnswerResultClass": "",
          "selectAnswerResultIcon": ""
        }
      ],
      "description": "Their substitute teacher assigned a lot of homework.",
      "rightValue": "substitute",
      "value": "substitute",
      "selectItem": {},
      "selectResult": ""
    },
    {
      "questions": "Brittany was glad to ____ the difficult test.",
      "answerList": [
        {
          "id": "21v4juynlqc",
          "name": "finish",
          "value": "finish",
          "optionLetter": "A",
          "selectAnswerClass": "",
          "selectAnswerResultClass": "",
          "selectAnswerResultIcon": ""
        },
        {
          "id": "cter6hwts4",
          "name": "test",
          "value": "test",
          "optionLetter": "B",
          "selectAnswerClass": "",
          "selectAnswerResultClass": "",
          "selectAnswerResultIcon": ""
        },
        {
          "id": "lhcdlkzgsk",
          "name": "difficult",
          "value": "difficult",
          "optionLetter": "C",
          "selectAnswerClass": "",
          "selectAnswerResultClass": "",
          "selectAnswerResultIcon": ""
        },
        {
          "id": "2nq1ts3ycp0",
          "name": "the",
          "value": "the",
          "optionLetter": "D",
          "selectAnswerClass": "",
          "selectAnswerResultClass": "",
          "selectAnswerResultIcon": ""
        }
      ],
      "description": "Brittany was glad to finish the difficult test.",
      "rightValue": "finish",
      "value": "finish",
      "selectItem": {},
      "selectResult": ""
    },
    {
      "questions": " It will take all of your ____ and will to be able to walk again.",
      "answerList": [
        {
          "id": "1vk9jx2yrwk",
          "name": "taker",
          "value": "taker",
          "optionLetter": "A",
          "selectAnswerClass": "",
          "selectAnswerResultClass": "",
          "selectAnswerResultIcon": ""
        },
        {
          "id": "2fqxgx1j8p0",
          "name": "all",
          "value": "all",
          "optionLetter": "B",
          "selectAnswerClass": "",
          "selectAnswerResultClass": "",
          "selectAnswerResultIcon": ""
        },
        {
          "id": "24bqs9vuhms",
          "name": "your",
          "value": "your",
          "optionLetter": "C",
          "selectAnswerClass": "",
          "selectAnswerResultClass": "",
          "selectAnswerResultIcon": ""
        },
        {
          "id": "ibwvmn51vo",
          "name": "energy",
          "value": "energy",
          "optionLetter": "D",
          "selectAnswerClass": "",
          "selectAnswerResultClass": "",
          "selectAnswerResultIcon": ""
        }
      ],
      "description": " It will take all of your energy and will to be able to walk again.",
      "rightValue": "energy",
      "value": "energy",
      "selectItem": {},
      "selectResult": ""
    },
    {
      "questions": "The works of many great poets have been placed on ____.",
      "answerList": [
        {
          "id": "1wxw3149txg",
          "name": "many",
          "value": "many",
          "optionLetter": "A",
          "selectAnswerClass": "",
          "selectAnswerResultClass": "",
          "selectAnswerResultIcon": ""
        },
        {
          "id": "x02o6ghakk",
          "name": "great",
          "value": "great",
          "optionLetter": "B",
          "selectAnswerClass": "",
          "selectAnswerResultClass": "",
          "selectAnswerResultIcon": ""
        },
        {
          "id": "1zlljbh2v9g",
          "name": "placed",
          "value": "placed",
          "optionLetter": "C",
          "selectAnswerClass": "",
          "selectAnswerResultClass": "",
          "selectAnswerResultIcon": ""
        },
        {
          "id": "25ia3ihje84",
          "name": "reserve",
          "value": "reserve",
          "optionLetter": "D",
          "selectAnswerClass": "",
          "selectAnswerResultClass": "",
          "selectAnswerResultIcon": ""
        }
      ],
      "description": "The works of many great poets have been placed on reserve.",
      "rightValue": "reserve",
      "value": "reserve",
      "selectItem": {},
      "selectResult": ""
    },
    {
      "questions": "The Brooklyn ____ was opened in 1883.",
      "answerList": [
        {
          "id": "1aosdd3qs3o",
          "name": "Bridge",
          "value": "Bridge",
          "optionLetter": "A",
          "selectAnswerClass": "",
          "selectAnswerResultClass": "",
          "selectAnswerResultIcon": ""
        },
        {
          "id": "1zsor6wp0p0",
          "name": "was",
          "value": "was",
          "optionLetter": "B",
          "selectAnswerClass": "",
          "selectAnswerResultClass": "",
          "selectAnswerResultIcon": ""
        },
        {
          "id": "2yxtit5a6c",
          "name": "opened",
          "value": "opened",
          "optionLetter": "C",
          "selectAnswerClass": "",
          "selectAnswerResultClass": "",
          "selectAnswerResultIcon": ""
        },
        {
          "id": "f6hdnpamys",
          "name": "in",
          "value": "in",
          "optionLetter": "D",
          "selectAnswerClass": "",
          "selectAnswerResultClass": "",
          "selectAnswerResultIcon": ""
        }
      ],
      "description": "The Brooklyn Bridge was opened in 1883.",
      "rightValue": "Bridge",
      "value": "Bridge",
      "selectItem": {},
      "selectResult": ""
    },
    {
      "questions": "Sparta and Athens were enemies during the Peloponnesian ____.",
      "answerList": [
        {
          "id": "1curryvifus",
          "name": "and",
          "value": "and",
          "optionLetter": "A",
          "selectAnswerClass": "",
          "selectAnswerResultClass": "",
          "selectAnswerResultIcon": ""
        },
        {
          "id": "ofonp37q9w",
          "name": "were",
          "value": "were",
          "optionLetter": "B",
          "selectAnswerClass": "",
          "selectAnswerResultClass": "",
          "selectAnswerResultIcon": ""
        },
        {
          "id": "4ckcmugc78",
          "name": "during",
          "value": "during",
          "optionLetter": "C",
          "selectAnswerClass": "",
          "selectAnswerResultClass": "",
          "selectAnswerResultIcon": ""
        },
        {
          "id": "2jajemulyh0",
          "name": "war",
          "value": "war",
          "optionLetter": "D",
          "selectAnswerClass": "",
          "selectAnswerResultClass": "",
          "selectAnswerResultIcon": ""
        }
      ],
      "description": "Sparta and Athens were enemies during the Peloponnesian War.",
      "rightValue": "war",
      "value": "war",
      "selectItem": {},
      "selectResult": ""
    },
    {
      "questions": "Sharks and lampreys are not true fish because their skeletons are made of cartilage rather than ____.",
      "answerList": [
        {
          "id": "2357h1a5l1g",
          "name": "true",
          "value": "true",
          "optionLetter": "A",
          "selectAnswerClass": "",
          "selectAnswerResultClass": "",
          "selectAnswerResultIcon": ""
        },
        {
          "id": "19b5u92fq2s",
          "name": "because",
          "value": "because",
          "optionLetter": "B",
          "selectAnswerClass": "",
          "selectAnswerResultClass": "",
          "selectAnswerResultIcon": ""
        },
        {
          "id": "1udq8oh9vb8",
          "name": "their",
          "value": "their",
          "optionLetter": "C",
          "selectAnswerClass": "",
          "selectAnswerResultClass": "",
          "selectAnswerResultIcon": ""
        },
        {
          "id": "s2u7cm3iro",
          "name": "bone",
          "value": "bone",
          "optionLetter": "D",
          "selectAnswerClass": "",
          "selectAnswerResultClass": "",
          "selectAnswerResultIcon": ""
        }
      ],
      "description": "Sharks and lampreys are not true fish because their skeletons are made of cartilage rather than bone.",
      "rightValue": "bone",
      "value": "bone",
      "selectItem": {},
      "selectResult": ""
    },
    {
      "questions": "Joe, have you met your new ____? ",
      "answerList": [
        {
          "id": "12wr8dgxtj8",
          "name": "have",
          "value": "have",
          "optionLetter": "A",
          "selectAnswerClass": "",
          "selectAnswerResultClass": "",
          "selectAnswerResultIcon": ""
        },
        {
          "id": "1hvjuqfpadg",
          "name": "met",
          "value": "met",
          "optionLetter": "B",
          "selectAnswerClass": "",
          "selectAnswerResultClass": "",
          "selectAnswerResultIcon": ""
        },
        {
          "id": "20z82fidxac",
          "name": "your",
          "value": "your",
          "optionLetter": "C",
          "selectAnswerClass": "",
          "selectAnswerResultClass": "",
          "selectAnswerResultIcon": ""
        },
        {
          "id": "1pghrumw3ic",
          "name": "boss",
          "value": "boss",
          "optionLetter": "D",
          "selectAnswerClass": "",
          "selectAnswerResultClass": "",
          "selectAnswerResultIcon": ""
        }
      ],
      "description": "Joe, have you met your new boss? ",
      "rightValue": "boss",
      "value": "boss",
      "selectItem": {},
      "selectResult": ""
    },
    {
      "questions": "Sue’s parents tried living in the ____, but they could not adapt to the cold.",
      "answerList": [
        {
          "id": "105i65ebphg",
          "name": "north",
          "value": "north",
          "optionLetter": "A",
          "selectAnswerClass": "",
          "selectAnswerResultClass": "",
          "selectAnswerResultIcon": ""
        },
        {
          "id": "hjk04wog5g",
          "name": "but",
          "value": "but",
          "optionLetter": "B",
          "selectAnswerClass": "",
          "selectAnswerResultClass": "",
          "selectAnswerResultIcon": ""
        },
        {
          "id": "15rjwj9d0as",
          "name": "not",
          "value": "not",
          "optionLetter": "C",
          "selectAnswerClass": "",
          "selectAnswerResultClass": "",
          "selectAnswerResultIcon": ""
        },
        {
          "id": "1xc2irzi4sk",
          "name": "adapt",
          "value": "adapt",
          "optionLetter": "D",
          "selectAnswerClass": "",
          "selectAnswerResultClass": "",
          "selectAnswerResultIcon": ""
        }
      ],
      "description": "Sue’s parents tried living in the north, but they could not adapt to the cold.",
      "rightValue": "north",
      "value": "north",
      "selectItem": {},
      "selectResult": ""
    },
    {
      "questions": "Mastering basic mathematics is an important goal for younger ____.",
      "answerList": [
        {
          "id": "4ckcmugc78",
          "name": "Mastering",
          "value": "Mastering",
          "optionLetter": "A",
          "selectAnswerClass": "",
          "selectAnswerResultClass": "",
          "selectAnswerResultIcon": ""
        },
        {
          "id": "2krpjolq37o",
          "name": "younger",
          "value": "younger",
          "optionLetter": "B",
          "selectAnswerClass": "",
          "selectAnswerResultClass": "",
          "selectAnswerResultIcon": ""
        },
        {
          "id": "pm7yxowmv8",
          "name": "important",
          "value": "important",
          "optionLetter": "C",
          "selectAnswerClass": "",
          "selectAnswerResultClass": "",
          "selectAnswerResultIcon": ""
        },
        {
          "id": "pioczz3k5g",
          "name": "students",
          "value": "students",
          "optionLetter": "D",
          "selectAnswerClass": "",
          "selectAnswerResultClass": "",
          "selectAnswerResultIcon": ""
        }
      ],
      "description": "Mastering basic mathematics is an important goal for younger students.",
      "rightValue": "students",
      "value": "students",
      "selectItem": {},
      "selectResult": ""
    },
    {
      "questions": "To seize a foreign embassy and its inhabitants is flagrant disregard for diplomatic ____.",
      "answerList": [
        {
          "id": "2c08bbsudhg",
          "name": "seize",
          "value": "seize",
          "optionLetter": "A",
          "selectAnswerClass": "",
          "selectAnswerResultClass": "",
          "selectAnswerResultIcon": ""
        },
        {
          "id": "1vuwdq8e01w",
          "name": "its",
          "value": "its",
          "optionLetter": "B",
          "selectAnswerClass": "",
          "selectAnswerResultClass": "",
          "selectAnswerResultIcon": ""
        },
        {
          "id": "8oj5udznpg",
          "name": "flagrant",
          "value": "flagrant",
          "optionLetter": "C",
          "selectAnswerClass": "",
          "selectAnswerResultClass": "",
          "selectAnswerResultIcon": ""
        },
        {
          "id": "174unwlxac",
          "name": "neutrality",
          "value": "neutrality",
          "optionLetter": "D",
          "selectAnswerClass": "",
          "selectAnswerResultClass": "",
          "selectAnswerResultIcon": ""
        }
      ],
      "description": "To seize a foreign embassy and its inhabitants is flagrant disregard for diplomatic neutrality.",
      "rightValue": "neutrality",
      "value": "neutrality",
      "selectItem": {},
      "selectResult": ""
    },
    {
      "questions": "The Trojans’ rash decision to accept the wooden horse led to their ____.",
      "answerList": [
        {
          "id": "gnnipgerpg",
          "name": "their",
          "value": "their",
          "optionLetter": "A",
          "selectAnswerClass": "",
          "selectAnswerResultClass": "",
          "selectAnswerResultIcon": ""
        },
        {
          "id": "28r97f56vus",
          "name": "led",
          "value": "led",
          "optionLetter": "B",
          "selectAnswerClass": "",
          "selectAnswerResultClass": "",
          "selectAnswerResultIcon": ""
        },
        {
          "id": "2edaxt086o4",
          "name": "accept",
          "value": "accept",
          "optionLetter": "C",
          "selectAnswerClass": "",
          "selectAnswerResultClass": "",
          "selectAnswerResultIcon": ""
        },
        {
          "id": "2a4jyshr5w",
          "name": "destruction",
          "value": "destruction",
          "optionLetter": "D",
          "selectAnswerClass": "",
          "selectAnswerResultClass": "",
          "selectAnswerResultIcon": ""
        }
      ],
      "description": "The Trojans’ rash decision to accept the wooden horse led to their destruction.",
      "rightValue": "destruction",
      "value": "destruction",
      "selectItem": {},
      "selectResult": ""
    },


  {
    "questions": "I hope I don't slip _______ when giving my speech!",
    "answerList": [
      {
        "id": "ij03i2r7b8",
        "name": "along",
        "value": "along",
        "optionLetter": "A",
        "selectAnswerClass": "",
        "selectAnswerResultClass": "",
        "selectAnswerResultIcon": ""
      },
      {
        "id": "7p32h7wwjo",
        "name": "on",
        "value": "on",
        "optionLetter": "B",
        "selectAnswerClass": "",
        "selectAnswerResultClass": "",
        "selectAnswerResultIcon": ""
      },
      {
        "id": "1haa744uu2s",
        "name": "up",
        "value": "up",
        "optionLetter": "C",
        "selectAnswerClass": "",
        "selectAnswerResultClass": "",
        "selectAnswerResultIcon": ""
      },
      {
        "id": "deoessra2s",
        "name": "in",
        "value": "in",
        "optionLetter": "D",
        "selectAnswerClass": "",
        "selectAnswerResultClass": "",
        "selectAnswerResultIcon": ""
      }
    ],
    "description": "To \"slip up\" means to make a mistake.",
    "rightValue": "up",
    "value": "up",
    "selectItem": {},
    "selectResult": ""
  },


  {
    "questions": " When can you usually see ____ moon, in the morning, or at night?",
    "answerList": [
      {
        "id": "2dvkw4f6t38",
        "name": "a",
        "value": "a",
        "optionLetter": "A",
        "selectAnswerClass": "",
        "selectAnswerResultClass": "",
        "selectAnswerResultIcon": ""
      },
      {
        "id": "1vgpxzd5p6s",
        "name": "an",
        "value": "an",
        "optionLetter": "B",
        "selectAnswerClass": "",
        "selectAnswerResultClass": "",
        "selectAnswerResultIcon": ""
      },
      {
        "id": "e71aaj7vt0",
        "name": "the",
        "value": "the",
        "optionLetter": "C",
        "selectAnswerClass": "",
        "selectAnswerResultClass": "",
        "selectAnswerResultIcon": ""
      },
      {
        "id": "2bii9n7szwk",
        "name": "no article",
        "value": "no article",
        "optionLetter": "D",
        "selectAnswerClass": "",
        "selectAnswerResultClass": "",
        "selectAnswerResultIcon": ""
      }
    ],
    "description": "When can you usually see the moon, in the morning, or at night?",
    "rightValue": "the",
    "value": "the",
    "selectItem": {},
    "selectResult": ""
  },
  {
    "questions": "I saw ____ very bright star in the sky a few nights ago.",
    "answerList": [
      {
        "id": "24bqs9vuhms",
        "name": "the",
        "value": "the",
        "optionLetter": "A",
        "selectAnswerClass": "",
        "selectAnswerResultClass": "",
        "selectAnswerResultIcon": ""
      },
      {
        "id": "1cr8615pd50",
        "name": "no article",
        "value": "no article",
        "optionLetter": "B",
        "selectAnswerClass": "",
        "selectAnswerResultClass": "",
        "selectAnswerResultIcon": ""
      },
      {
        "id": "2f5ntaqosec",
        "name": "a",
        "value": "a",
        "optionLetter": "C",
        "selectAnswerClass": "",
        "selectAnswerResultClass": "",
        "selectAnswerResultIcon": ""
      },
      {
        "id": "1l4iyn3cs04",
        "name": "the",
        "value": "the",
        "optionLetter": "D",
        "selectAnswerClass": "",
        "selectAnswerResultClass": "",
        "selectAnswerResultIcon": ""
      }
    ],
    "description": "I saw very bright star in the sky a few nights ago.",
    "rightValue": "no article",
    "value": "no article",
    "selectItem": {},
    "selectResult": ""
  },
  {
    "questions": "I forgot to bring my pen. Do you have ____ pen I could borrow?",
    "answerList": [
      {
        "id": "fa0zlf3pok",
        "name": "the",
        "value": "the",
        "optionLetter": "A",
        "selectAnswerClass": "",
        "selectAnswerResultClass": "",
        "selectAnswerResultIcon": ""
      },
      {
        "id": "r6xpx5tubo",
        "name": "a",
        "value": "a",
        "optionLetter": "B",
        "selectAnswerClass": "",
        "selectAnswerResultClass": "",
        "selectAnswerResultIcon": ""
      },
      {
        "id": "2amls7rjbgk",
        "name": "an",
        "value": "an",
        "optionLetter": "C",
        "selectAnswerClass": "",
        "selectAnswerResultClass": "",
        "selectAnswerResultIcon": ""
      },
      {
        "id": "1a3ipqswbt0",
        "name": "no article",
        "value": "no article",
        "optionLetter": "D",
        "selectAnswerClass": "",
        "selectAnswerResultClass": "",
        "selectAnswerResultIcon": ""
      }
    ],
    "description": "I forgot to bring my pen. Do you have a pen I could borrow?",
    "rightValue": "a",
    "value": "a",
    "selectItem": {},
    "selectResult": ""
  },
  {
    "questions": "I have a new car; ____ car is red.",
    "answerList": [
      {
        "id": "8oj5udznpg",
        "name": "a",
        "value": "a",
        "optionLetter": "A",
        "selectAnswerClass": "",
        "selectAnswerResultClass": "",
        "selectAnswerResultIcon": ""
      },
      {
        "id": "2jajemulyh0",
        "name": "the",
        "value": "the",
        "optionLetter": "B",
        "selectAnswerClass": "",
        "selectAnswerResultClass": "",
        "selectAnswerResultIcon": ""
      },
      {
        "id": "29xsinqvsg4",
        "name": "no article",
        "value": "no article",
        "optionLetter": "C",
        "selectAnswerClass": "",
        "selectAnswerResultClass": "",
        "selectAnswerResultIcon": ""
      },
      {
        "id": "2cp1kvthwhw",
        "name": "an",
        "value": "an",
        "optionLetter": "D",
        "selectAnswerClass": "",
        "selectAnswerResultClass": "",
        "selectAnswerResultIcon": ""
      }
    ],
    "description": "I have a new car; the car is red.",
    "rightValue": "the",
    "value": "the",
    "selectItem": {},
    "selectResult": ""
  },
  {
    "questions": "What is ____ capital city of Australia? Is it Sydney or Canberra?",
    "answerList": [
      {
        "id": "zgowldo6h0",
        "name": "the",
        "value": "the",
        "optionLetter": "A",
        "selectAnswerClass": "",
        "selectAnswerResultClass": "",
        "selectAnswerResultIcon": ""
      },
      {
        "id": "127xytgaais",
        "name": "a",
        "value": "a",
        "optionLetter": "B",
        "selectAnswerClass": "",
        "selectAnswerResultClass": "",
        "selectAnswerResultIcon": ""
      },
      {
        "id": "1lipedyl2v8",
        "name": "an",
        "value": "an",
        "optionLetter": "C",
        "selectAnswerClass": "",
        "selectAnswerResultClass": "",
        "selectAnswerResultIcon": ""
      },
      {
        "id": "itmxb86fgk",
        "name": "no article",
        "value": "no article",
        "optionLetter": "D",
        "selectAnswerClass": "",
        "selectAnswerResultClass": "",
        "selectAnswerResultIcon": ""
      }
    ],
    "description": "What is the capital city of Australia? Is it Sydney or Canberra?",
    "rightValue": "the",
    "value": "the",
    "selectItem": {},
    "selectResult": ""
  },
  {
    "questions": "I have ____ two younger brothers and an older sister. ",
    "answerList": [
      {
        "id": "rzalewag1w",
        "name": "the",
        "value": "the",
        "optionLetter": "A",
        "selectAnswerClass": "",
        "selectAnswerResultClass": "",
        "selectAnswerResultIcon": ""
      },
      {
        "id": "10cle0txux0",
        "name": "no article",
        "value": "no article",
        "optionLetter": "B",
        "selectAnswerClass": "",
        "selectAnswerResultClass": "",
        "selectAnswerResultIcon": ""
      },
      {
        "id": "2h10e3d1804",
        "name": "a",
        "value": "a",
        "optionLetter": "C",
        "selectAnswerClass": "",
        "selectAnswerResultClass": "",
        "selectAnswerResultIcon": ""
      },
      {
        "id": "2h10e3d1804",
        "name": "an",
        "value": "an",
        "optionLetter": "D",
        "selectAnswerClass": "",
        "selectAnswerResultClass": "",
        "selectAnswerResultIcon": ""
      }
    ],
    "description": "I have two younger brothers and an older sister.",
    "rightValue": "no article",
    "value": "no article",
    "selectItem": {},
    "selectResult": ""
  },
  {
    "questions": "What is ____ first month of the year? Is it January or February?",
    "answerList": [
      {
        "id": "11q7x4v8wxw",
        "name": "no article",
        "value": "no article",
        "optionLetter": "A",
        "selectAnswerClass": "",
        "selectAnswerResultClass": "",
        "selectAnswerResultIcon": ""
      },
      {
        "id": "1hvjuqfpadg",
        "name": "a",
        "value": "a",
        "optionLetter": "B",
        "selectAnswerClass": "",
        "selectAnswerResultClass": "",
        "selectAnswerResultIcon": ""
      },
      {
        "id": "1towz4gmcas",
        "name": "the",
        "value": "the",
        "optionLetter": "C",
        "selectAnswerClass": "",
        "selectAnswerResultClass": "",
        "selectAnswerResultIcon": ""
      },
      {
        "id": "fyu95fr8p0",
        "name": "an",
        "value": "an",
        "optionLetter": "D",
        "selectAnswerClass": "",
        "selectAnswerResultClass": "",
        "selectAnswerResultIcon": ""
      }
    ],
    "description": "What is the first month of the year? Is it January or February?",
    "rightValue": "the",
    "value": "the",
    "selectItem": {},
    "selectResult": ""
  },
  {
    "questions": "Last summer, my friends and I travelled to ____ Spain.",
    "answerList": [
      {
        "id": "o8lftnlkuc",
        "name": "no article",
        "value": "no article",
        "optionLetter": "A",
        "selectAnswerClass": "",
        "selectAnswerResultClass": "",
        "selectAnswerResultIcon": ""
      },
      {
        "id": "ydp7ahsclg",
        "name": "a",
        "value": "a",
        "optionLetter": "B",
        "selectAnswerClass": "",
        "selectAnswerResultClass": "",
        "selectAnswerResultIcon": ""
      },
      {
        "id": "29n5oulgkas",
        "name": "an",
        "value": "an",
        "optionLetter": "C",
        "selectAnswerClass": "",
        "selectAnswerResultClass": "",
        "selectAnswerResultIcon": ""
      },
      {
        "id": "2istcy9kkw4",
        "name": "the",
        "value": "the",
        "optionLetter": "D",
        "selectAnswerClass": "",
        "selectAnswerResultClass": "",
        "selectAnswerResultIcon": ""
      }
    ],
    "description": "Last summer, my friends and I travelled to Spain.",
    "rightValue": "no article",
    "value": "no article",
    "selectItem": {},
    "selectResult": ""
  },
  {
    "questions": "Help! Somebody please call ____ policeman!",
    "answerList": [
      {
        "id": "178q1l0h51g",
        "name": "the",
        "value": "the",
        "optionLetter": "A",
        "selectAnswerClass": "",
        "selectAnswerResultClass": "",
        "selectAnswerResultIcon": ""
      },
      {
        "id": "2enxrm5netg",
        "name": "a",
        "value": "a",
        "optionLetter": "B",
        "selectAnswerClass": "",
        "selectAnswerResultClass": "",
        "selectAnswerResultIcon": ""
      },
      {
        "id": "c11vorg81w",
        "name": "an",
        "value": "an",
        "optionLetter": "C",
        "selectAnswerClass": "",
        "selectAnswerResultClass": "",
        "selectAnswerResultIcon": ""
      },
      {
        "id": "ifghkcy4lg",
        "name": "no article",
        "value": "no article",
        "optionLetter": "D",
        "selectAnswerClass": "",
        "selectAnswerResultClass": "",
        "selectAnswerResultIcon": ""
      }
    ],
    "description": "Help! Somebody please call a policeman!",
    "rightValue": "a",
    "value": "a",
    "selectItem": {},
    "selectResult": ""
  },
  {
    "questions": "____ Amazon Rain Forest is located in South America.",
    "answerList": [
      {
        "id": "18f9ctm61ms",
        "name": "an",
        "value": "an",
        "optionLetter": "A",
        "selectAnswerClass": "",
        "selectAnswerResultClass": "",
        "selectAnswerResultIcon": ""
      },
      {
        "id": "1spgvrajl50",
        "name": "a",
        "value": "a",
        "optionLetter": "B",
        "selectAnswerClass": "",
        "selectAnswerResultClass": "",
        "selectAnswerResultIcon": ""
      },
      {
        "id": "212rod87004",
        "name": "no article",
        "value": "no article",
        "optionLetter": "C",
        "selectAnswerClass": "",
        "selectAnswerResultClass": "",
        "selectAnswerResultIcon": ""
      },
      {
        "id": "2atp0375gw4",
        "name": "the",
        "value": "the",
        "optionLetter": "D",
        "selectAnswerClass": "",
        "selectAnswerResultClass": "",
        "selectAnswerResultIcon": ""
      }
    ],
    "description": "The Amazon Rain Forest is located in South America.",
    "rightValue": "the",
    "value": "the",
    "selectItem": {},
    "selectResult": ""
  },
  {
    "questions": "I really care ___ what happens to him.",
    "answerList": [
      {
        "id": "1y7z07frt8k",
        "name": "at",
        "value": "at",
        "optionLetter": "A",
        "selectAnswerClass": "",
        "selectAnswerResultClass": "",
        "selectAnswerResultIcon": ""
      },
      {
        "id": "oc51rdenk4",
        "name": "to",
        "value": "to",
        "optionLetter": "B",
        "selectAnswerClass": "",
        "selectAnswerResultClass": "",
        "selectAnswerResultIcon": ""
      },
      {
        "id": "1xc2irzi4sk",
        "name": "about",
        "value": "about",
        "optionLetter": "C",
        "selectAnswerClass": "",
        "selectAnswerResultClass": "",
        "selectAnswerResultIcon": ""
      },
      {
        "id": "1towz4gmcas",
        "name": "of",
        "value": "of",
        "optionLetter": "D",
        "selectAnswerClass": "",
        "selectAnswerResultClass": "",
        "selectAnswerResultIcon": ""
      }
    ],
    "description": "I really care about what happens to him.",
    "rightValue": "about",
    "value": "about",
    "selectItem": {},
    "selectResult": ""
  },
  {
    "questions": "I heard that he died ___ a heart attack.",
    "answerList": [
      {
        "id": "vbtb99r0ec",
        "name": "for",
        "value": "for",
        "optionLetter": "A",
        "selectAnswerClass": "",
        "selectAnswerResultClass": "",
        "selectAnswerResultIcon": ""
      },
      {
        "id": "12iksmlpio4",
        "name": "of",
        "value": "of",
        "optionLetter": "B",
        "selectAnswerClass": "",
        "selectAnswerResultClass": "",
        "selectAnswerResultIcon": ""
      },
      {
        "id": "uqjnmywk3o",
        "name": "two",
        "value": "two",
        "optionLetter": "C",
        "selectAnswerClass": "",
        "selectAnswerResultClass": "",
        "selectAnswerResultIcon": ""
      },
      {
        "id": "22culjjozb8",
        "name": "about",
        "value": "about",
        "optionLetter": "D",
        "selectAnswerClass": "",
        "selectAnswerResultClass": "",
        "selectAnswerResultIcon": ""
      }
    ],
    "description": "I heard that he died of a heart attack.",
    "rightValue": "of",
    "value": "of",
    "selectItem": {},
    "selectResult": ""
  },
  {
    "questions": "I saw a car collide ___ a motorbike.",
    "answerList": [
      {
        "id": "28k5zjpkqf8",
        "name": "to",
        "value": "to",
        "optionLetter": "A",
        "selectAnswerClass": "",
        "selectAnswerResultClass": "",
        "selectAnswerResultIcon": ""
      },
      {
        "id": "cirxdchlms",
        "name": "against",
        "value": "against",
        "optionLetter": "B",
        "selectAnswerClass": "",
        "selectAnswerResultClass": "",
        "selectAnswerResultIcon": ""
      },
      {
        "id": "58gu2aq0n8",
        "name": "on",
        "value": "on",
        "optionLetter": "C",
        "selectAnswerClass": "",
        "selectAnswerResultClass": "",
        "selectAnswerResultIcon": ""
      },
      {
        "id": "n224l1wo90",
        "name": "with",
        "value": "with",
        "optionLetter": "D",
        "selectAnswerClass": "",
        "selectAnswerResultClass": "",
        "selectAnswerResultIcon": ""
      }
    ],
    "description": "I saw a car collide with a motorbike.",
    "rightValue": "with",
    "value": "with",
    "selectItem": {},
    "selectResult": ""
  },
  {
    "questions": "I don't agree ___ banning smoking in bars.",
    "answerList": [
      {
        "id": "1mi5hr4nu10",
        "name": "about",
        "value": "about",
        "optionLetter": "A",
        "selectAnswerClass": "",
        "selectAnswerResultClass": "",
        "selectAnswerResultIcon": ""
      },
      {
        "id": "1s4784zp4uc",
        "name": "in",
        "value": "in",
        "optionLetter": "B",
        "selectAnswerClass": "",
        "selectAnswerResultClass": "",
        "selectAnswerResultIcon": ""
      },
      {
        "id": "jpjeqog3wk",
        "name": "with",
        "value": "with",
        "optionLetter": "C",
        "selectAnswerClass": "",
        "selectAnswerResultClass": "",
        "selectAnswerResultIcon": ""
      },
      {
        "id": "2fuh2urcbes",
        "name": "for",
        "value": "for",
        "optionLetter": "D",
        "selectAnswerClass": "",
        "selectAnswerResultClass": "",
        "selectAnswerResultIcon": ""
      }
    ],
    "description": "I don't agree with banning smoking in bars.",
    "rightValue": "with",
    "value": "with",
    "selectItem": {},
    "selectResult": ""
  },
  {
    "questions": "I am sorry ____ breaking your window.",
    "answerList": [
      {
        "id": "2ib3b9oj7b8",
        "name": "for",
        "value": "for",
        "optionLetter": "A",
        "selectAnswerClass": "",
        "selectAnswerResultClass": "",
        "selectAnswerResultIcon": ""
      },
      {
        "id": "1q1rfgxqjt0",
        "name": "about",
        "value": "about",
        "optionLetter": "B",
        "selectAnswerClass": "",
        "selectAnswerResultClass": "",
        "selectAnswerResultIcon": ""
      },
      {
        "id": "1qce9a35ryc",
        "name": "both",
        "value": "both",
        "optionLetter": "C",
        "selectAnswerClass": "",
        "selectAnswerResultClass": "",
        "selectAnswerResultIcon": ""
      },
      {
        "id": "1x1foyu2wn8",
        "name": "none",
        "value": "none",
        "optionLetter": "D",
        "selectAnswerClass": "",
        "selectAnswerResultClass": "",
        "selectAnswerResultIcon": ""
      }
    ],
    "description": "I am sorry for/about  breaking your window.",
    "rightValue": "both",
    "value": "both",
    "selectItem": {},
    "selectResult": ""
  },
  {
    "questions": "The noise from upstairs prevented me ____",
    "answerList": [
      {
        "id": "7ljgji3ttw",
        "name": "to sleep",
        "value": "to sleep",
        "optionLetter": "A",
        "selectAnswerClass": "",
        "selectAnswerResultClass": "",
        "selectAnswerResultIcon": ""
      },
      {
        "id": "oqbhi8myf8",
        "name": "from sleeping",
        "value": "from sleeping",
        "optionLetter": "B",
        "selectAnswerClass": "",
        "selectAnswerResultClass": "",
        "selectAnswerResultIcon": ""
      },
      {
        "id": "d7l6xd54n8",
        "name": "from sleep",
        "value": "from sleep",
        "optionLetter": "C",
        "selectAnswerClass": "",
        "selectAnswerResultClass": "",
        "selectAnswerResultIcon": ""
      },
      {
        "id": "cirxdchlms",
        "name": "none",
        "value": "none",
        "optionLetter": "D",
        "selectAnswerClass": "",
        "selectAnswerResultClass": "",
        "selectAnswerResultIcon": ""
      }
    ],
    "description": "The noise from upstairs prevented me from sleeping",
    "rightValue": "from sleeping",
    "value": "from sleeping",
    "selectItem": {},
    "selectResult": ""
  },
  {
    "questions": "I am pleased ____ my exam results.",
    "answerList": [
      {
        "id": "12m4ekbildw",
        "name": "with",
        "value": "with",
        "optionLetter": "A",
        "selectAnswerClass": "",
        "selectAnswerResultClass": "",
        "selectAnswerResultIcon": ""
      },
      {
        "id": "9697iz11ac",
        "name": "about",
        "value": "about",
        "optionLetter": "B",
        "selectAnswerClass": "",
        "selectAnswerResultClass": "",
        "selectAnswerResultIcon": ""
      },
      {
        "id": "1jjt7nmfkjo",
        "name": "at",
        "value": "at",
        "optionLetter": "C",
        "selectAnswerClass": "",
        "selectAnswerResultClass": "",
        "selectAnswerResultIcon": ""
      },
      {
        "id": "143ajm2mq4k",
        "name": "all of the above",
        "value": "all of the above",
        "optionLetter": "D",
        "selectAnswerClass": "",
        "selectAnswerResultClass": "",
        "selectAnswerResultIcon": ""
      }
    ],
    "description": "We can be pleased with / about / at something, but we can only be pleased with somebody. ",
    "rightValue": "all of the above",
    "value": "all of the above",
    "selectItem": {},
    "selectResult": ""
  },
  {
    "questions": "She insisted ____ paying for the drinks.",
    "answerList": [
      {
        "id": "jwmmm429c4",
        "name": "to",
        "value": "to",
        "optionLetter": "A",
        "selectAnswerClass": "",
        "selectAnswerResultClass": "",
        "selectAnswerResultIcon": ""
      },
      {
        "id": "2o0onl9dkuc",
        "name": "for",
        "value": "for",
        "optionLetter": "B",
        "selectAnswerClass": "",
        "selectAnswerResultClass": "",
        "selectAnswerResultIcon": ""
      },
      {
        "id": "a25oyfapqc",
        "name": "on",
        "value": "on",
        "optionLetter": "C",
        "selectAnswerClass": "",
        "selectAnswerResultClass": "",
        "selectAnswerResultIcon": ""
      },
      {
        "id": "23qh4nl01c4",
        "name": "in",
        "value": "in",
        "optionLetter": "D",
        "selectAnswerClass": "",
        "selectAnswerResultClass": "",
        "selectAnswerResultIcon": ""
      }
    ],
    "description": "Insist is followed by 'on'.",
    "rightValue": "on",
    "value": "on",
    "selectItem": {},
    "selectResult": ""
  },
  {
    "questions": "I am having difficulty ____ my visa processing. ",
    "answerList": [
      {
        "id": "u8tlydv6is",
        "name": "in",
        "value": "in",
        "optionLetter": "A",
        "selectAnswerClass": "",
        "selectAnswerResultClass": "",
        "selectAnswerResultIcon": ""
      },
      {
        "id": "1rbucn98j44",
        "name": "with",
        "value": "with",
        "optionLetter": "B",
        "selectAnswerClass": "",
        "selectAnswerResultClass": "",
        "selectAnswerResultIcon": ""
      },
      {
        "id": "1t76xfvkypw",
        "name": "both",
        "value": "both",
        "optionLetter": "C",
        "selectAnswerClass": "",
        "selectAnswerResultClass": "",
        "selectAnswerResultIcon": ""
      },
      {
        "id": "159tuuobmpw",
        "name": "either",
        "value": "either",
        "optionLetter": "D",
        "selectAnswerClass": "",
        "selectAnswerResultClass": "",
        "selectAnswerResultIcon": ""
      }
    ],
    "description": "We can have difficulty with something and difficulty in doing something.",
    "rightValue": "with",
    "value": "with",
    "selectItem": {},
    "selectResult": ""
  },
  {
    "questions": "We may play football. It depends ____ the weather.",
    "answerList": [
      {
        "id": "vx2yvklgp0",
        "name": "on",
        "value": "on",
        "optionLetter": "A",
        "selectAnswerClass": "",
        "selectAnswerResultClass": "",
        "selectAnswerResultIcon": ""
      },
      {
        "id": "1emkqts1sqs",
        "name": "of",
        "value": "of",
        "optionLetter": "B",
        "selectAnswerClass": "",
        "selectAnswerResultClass": "",
        "selectAnswerResultIcon": ""
      },
      {
        "id": "a25oyfapqc",
        "name": "from",
        "value": "from",
        "optionLetter": "C",
        "selectAnswerClass": "",
        "selectAnswerResultClass": "",
        "selectAnswerResultIcon": ""
      },
      {
        "id": "2jl68g016mc",
        "name": "to",
        "value": "to",
        "optionLetter": "D",
        "selectAnswerClass": "",
        "selectAnswerResultClass": "",
        "selectAnswerResultIcon": ""
      }
    ],
    "description": "Depend and dependent take the preposition 'on'.",
    "rightValue": "on",
    "value": "on",
    "selectItem": {},
    "selectResult": ""
  }
























]