[
  {
    "questions": "The letter is from my sister, ______is working in Beijing.",
    "value": "who",
    "rightValue": "who",
    "answerList": [
      {
        "id": "tk0ceg0u32",
        "name": "which",
        "value": "which",
        "optionLetter": "A",
        "selectAnswerClass": "",
        "selectAnswerResultClass": "",
        "selectAnswerResultIcon": ""
      },
      {
        "id": "2bwope5uhce",
        "name": "that",
        "value": "that",
        "optionLetter": "B",
        "selectAnswerClass": "",
        "selectAnswerResultClass": "",
        "selectAnswerResultIcon": ""
      },
      {
        "id": "re0xso96by",
        "name": "whom",
        "value": "whom",
        "optionLetter": "C",
        "selectAnswerClass": "",
        "selectAnswerResultClass": "",
        "selectAnswerResultIcon": ""
      },
      {
        "id": "26vwmmlnmtq",
        "name": "who",
        "value": "who",
        "optionLetter": "D",
        "selectAnswerClass": "",
        "selectAnswerResultClass": "",
        "selectAnswerResultIcon": ""
      }
    ]
  },
  {
    "questions": "In our factory there are 2,000 workers, two thirds of ____are women.",
    "value": "whom",
    "rightValue": "whom",
    "answerList": [
      {
        "id": "26l9stg8eoe",
        "name": "them",
        "value": "them",
        "optionLetter": "A",
        "selectAnswerClass": "",
        "selectAnswerResultClass": "",
        "selectAnswerResultIcon": ""
      },
      {
        "id": "2ot1j32nd5a",
        "name": "which",
        "value": "which",
        "optionLetter": "B",
        "selectAnswerClass": "",
        "selectAnswerResultClass": "",
        "selectAnswerResultIcon": ""
      },
      {
        "id": "s9xf84iury",
        "name": "whom",
        "value": "whom",
        "optionLetter": "C",
        "selectAnswerClass": "",
        "selectAnswerResultClass": "",
        "selectAnswerResultIcon": ""
      },
      {
        "id": "g9h2ynznf2",
        "name": "who",
        "value": "who",
        "optionLetter": "D",
        "selectAnswerClass": "",
        "selectAnswerResultClass": "",
        "selectAnswerResultIcon": ""
      }
    ]
  },
  {
    "questions": "You're the only person ______I've ever met ______could do it.",
    "value": "/; who",
    "rightValue": "/; who",
    "answerList": [
      {
        "id": "2eyklfdvtji",
        "name": "who;/",
        "value": "who;/",
        "optionLetter": "A",
        "selectAnswerClass": "",
        "selectAnswerResultClass": "",
        "selectAnswerResultIcon": ""
      },
      {
        "id": "1wxw31730i6",
        "name": "/; whom",
        "value": "/; whom",
        "optionLetter": "B",
        "selectAnswerClass": "",
        "selectAnswerResultClass": "",
        "selectAnswerResultIcon": ""
      },
      {
        "id": "rahbuyg3m6",
        "name": "whom;/",
        "value": "whom;/",
        "optionLetter": "C",
        "selectAnswerClass": "",
        "selectAnswerResultClass": "",
        "selectAnswerResultIcon": ""
      },
      {
        "id": "27rt421xb9q",
        "name": "/; who",
        "value": "/; who",
        "optionLetter": "D",
        "selectAnswerClass": "",
        "selectAnswerResultClass": "",
        "selectAnswerResultIcon": ""
      }
    ]
  },
  {
    "questions": "I lost a book, ______I can't remember now.",
    "value": "whose title",
    "rightValue": "whose title",
    "answerList": [
      {
        "id": "1bvbols8v9q",
        "name": "whose title",
        "value": "whose title",
        "optionLetter": "A",
        "selectAnswerClass": "",
        "selectAnswerResultClass": "",
        "selectAnswerResultIcon": ""
      },
      {
        "id": "s9xf84iury",
        "name": "its title",
        "value": "its title",
        "optionLetter": "B",
        "selectAnswerClass": "",
        "selectAnswerResultClass": "",
        "selectAnswerResultIcon": ""
      },
      {
        "id": "el7q1h9d8u",
        "name": "the title of it",
        "value": "the title of it",
        "optionLetter": "C",
        "selectAnswerClass": "",
        "selectAnswerResultClass": "",
        "selectAnswerResultIcon": ""
      },
      {
        "id": "d7l6xfyb7y",
        "name": "the title of that",
        "value": "the title of that",
        "optionLetter": "D",
        "selectAnswerClass": "",
        "selectAnswerResultClass": "",
        "selectAnswerResultIcon": ""
      }
    ]
  },
  {
    "questions": "Last summer we visited the West Lake, ______Hangzhou is famous in the world.",
    "value": "for which",
    "rightValue": "for which",
    "answerList": [
      {
        "id": "2ax8m0zrq6m",
        "name": "for which",
        "value": "for which",
        "optionLetter": "A",
        "selectAnswerClass": "",
        "selectAnswerResultClass": "",
        "selectAnswerResultIcon": ""
      },
      {
        "id": "j49r4geu6m",
        "name": "for that",
        "value": "for that",
        "optionLetter": "B",
        "selectAnswerClass": "",
        "selectAnswerResultClass": "",
        "selectAnswerResultIcon": ""
      },
      {
        "id": "u1qe3127ny",
        "name": "in which",
        "value": "in which",
        "optionLetter": "C",
        "selectAnswerClass": "",
        "selectAnswerResultClass": "",
        "selectAnswerResultIcon": ""
      },
      {
        "id": "1n6yrb84jm6",
        "name": "what",
        "value": "what",
        "optionLetter": "D",
        "selectAnswerClass": "",
        "selectAnswerResultClass": "",
        "selectAnswerResultIcon": ""
      }
    ]
  },
  {
    "questions": "I have bought such a watch _______ was advertised on TV.",
    "value": "as",
    "rightValue": "as",
    "answerList": [
      {
        "id": "d7l6xfyb7y",
        "name": "that",
        "value": "that",
        "optionLetter": "A",
        "selectAnswerClass": "",
        "selectAnswerResultClass": "",
        "selectAnswerResultIcon": ""
      },
      {
        "id": "cpv58uwxn2",
        "name": "which",
        "value": "which",
        "optionLetter": "B",
        "selectAnswerClass": "",
        "selectAnswerResultClass": "",
        "selectAnswerResultIcon": ""
      },
      {
        "id": "kecoarwthq",
        "name": "as",
        "value": "as",
        "optionLetter": "C",
        "selectAnswerClass": "",
        "selectAnswerResultClass": "",
        "selectAnswerResultIcon": ""
      },
      {
        "id": "la95q86hxq",
        "name": "it",
        "value": "it",
        "optionLetter": "D",
        "selectAnswerClass": "",
        "selectAnswerResultClass": "",
        "selectAnswerResultIcon": ""
      }
    ]
  },
  {
    "questions": "I can never forget the day _______ we worked together and the day ______ we spent together.",
    "value": "when; which",
    "rightValue": "when; which",
    "answerList": [
      {
        "id": "19epg6v1zda",
        "name": "when; which",
        "value": "when; which",
        "optionLetter": "A",
        "selectAnswerClass": "",
        "selectAnswerResultClass": "",
        "selectAnswerResultIcon": ""
      },
      {
        "id": "esaxwwvioe",
        "name": "which; when",
        "value": "which; when",
        "optionLetter": "B",
        "selectAnswerClass": "",
        "selectAnswerResultClass": "",
        "selectAnswerResultIcon": ""
      },
      {
        "id": "vx2yvnen9q",
        "name": "what; that",
        "value": "what; that",
        "optionLetter": "C",
        "selectAnswerClass": "",
        "selectAnswerResultClass": "",
        "selectAnswerResultIcon": ""
      },
      {
        "id": "1mi5hr7h0lq",
        "name": "on which; when",
        "value": "on which; when",
        "optionLetter": "D",
        "selectAnswerClass": "",
        "selectAnswerResultClass": "",
        "selectAnswerResultIcon": ""
      }
    ]
  },
  {
    "questions": "The way ______he looks at problems is wrong.",
    "value": "/",
    "rightValue": "/",
    "answerList": [
      {
        "id": "2gtx680895a",
        "name": "which",
        "value": "which",
        "optionLetter": "A",
        "selectAnswerClass": "",
        "selectAnswerResultClass": "",
        "selectAnswerResultIcon": ""
      },
      {
        "id": "wlw8fo26a6",
        "name": "whose",
        "value": "whose",
        "optionLetter": "B",
        "selectAnswerClass": "",
        "selectAnswerResultClass": "",
        "selectAnswerResultIcon": ""
      },
      {
        "id": "f6hdns3tji",
        "name": "what",
        "value": "what",
        "optionLetter": "C",
        "selectAnswerClass": "",
        "selectAnswerResultClass": "",
        "selectAnswerResultIcon": ""
      },
      {
        "id": "evujumole6",
        "name": "/",
        "value": "/",
        "optionLetter": "D",
        "selectAnswerClass": "",
        "selectAnswerResultClass": "",
        "selectAnswerResultIcon": ""
      }
    ]
  },
  {
    "questions": "This is the reason ______he didn't come to the meeting.",
    "value": "for which",
    "rightValue": "for which",
    "answerList": [
      {
        "id": "2d380mrjdxq",
        "name": "in which",
        "value": "in which",
        "optionLetter": "A",
        "selectAnswerClass": "",
        "selectAnswerResultClass": "",
        "selectAnswerResultIcon": ""
      },
      {
        "id": "1jqwfj4uwjy",
        "name": "with which",
        "value": "with which",
        "optionLetter": "B",
        "selectAnswerClass": "",
        "selectAnswerResultClass": "",
        "selectAnswerResultIcon": ""
      },
      {
        "id": "152qmzbinv2",
        "name": "that",
        "value": "that",
        "optionLetter": "C",
        "selectAnswerClass": "",
        "selectAnswerResultClass": "",
        "selectAnswerResultIcon": ""
      },
      {
        "id": "2pleekt3yvi",
        "name": "for which",
        "value": "for which",
        "optionLetter": "D",
        "selectAnswerClass": "",
        "selectAnswerResultClass": "",
        "selectAnswerResultIcon": ""
      }
    ]
  },
  {
    "questions": "This machine, ______for many years, is still working perfectly.",
    "value": "which I have looked after",
    "rightValue": "which I have looked after",
    "answerList": [
      {
        "id": "2gtx680895a",
        "name": "after which I have looked",
        "value": "after which I have looked",
        "optionLetter": "A",
        "selectAnswerClass": "",
        "selectAnswerResultClass": "",
        "selectAnswerResultIcon": ""
      },
      {
        "id": "1z3vhmyuo9a",
        "name": "which I have looked after",
        "value": "which I have looked after",
        "optionLetter": "B",
        "selectAnswerClass": "",
        "selectAnswerResultClass": "",
        "selectAnswerResultIcon": ""
      },
      {
        "id": "2d380mrjdxq",
        "name": "that I have looked after",
        "value": "that I have looked after",
        "optionLetter": "C",
        "selectAnswerClass": "",
        "selectAnswerResultClass": "",
        "selectAnswerResultIcon": ""
      },
      {
        "id": "146u5jv8zf2",
        "name": "I have looked after",
        "value": "I have looked after",
        "optionLetter": "D",
        "selectAnswerClass": "",
        "selectAnswerResultClass": "",
        "selectAnswerResultIcon": ""
      }
    ]
  },
  {
    "questions": "The place _______ interested me most was the Children's Palace.",
    "value": "which",
    "rightValue": "which",
    "answerList": [
      {
        "id": "2mqlqf0os3y",
        "name": "which",
        "value": "which",
        "optionLetter": "A",
        "selectAnswerClass": "",
        "selectAnswerResultClass": "",
        "selectAnswerResultIcon": ""
      },
      {
        "id": "1ybim58e2j2",
        "name": "where",
        "value": "where",
        "optionLetter": "B",
        "selectAnswerClass": "",
        "selectAnswerResultClass": "",
        "selectAnswerResultIcon": ""
      },
      {
        "id": "1zsor6zi79q",
        "name": "what",
        "value": "what",
        "optionLetter": "C",
        "selectAnswerClass": "",
        "selectAnswerResultClass": "",
        "selectAnswerResultIcon": ""
      },
      {
        "id": "1qu4ayr0c3y",
        "name": "in which",
        "value": "in which",
        "optionLetter": "D",
        "selectAnswerClass": "",
        "selectAnswerResultClass": "",
        "selectAnswerResultIcon": ""
      }
    ]
  },
  {
    "questions": "Do you know the year ______the Chinese Communist Party was founded?",
    "value": "when",
    "rightValue": "when",
    "answerList": [
      {
        "id": "1hz3go8bjny",
        "name": "which",
        "value": "which",
        "optionLetter": "A",
        "selectAnswerClass": "",
        "selectAnswerResultClass": "",
        "selectAnswerResultIcon": ""
      },
      {
        "id": "dpb8m0zosu",
        "name": "that",
        "value": "that",
        "optionLetter": "B",
        "selectAnswerClass": "",
        "selectAnswerResultClass": "",
        "selectAnswerResultIcon": ""
      },
      {
        "id": "1a72bolil3i",
        "name": "when",
        "value": "when",
        "optionLetter": "C",
        "selectAnswerClass": "",
        "selectAnswerResultClass": "",
        "selectAnswerResultIcon": ""
      },
      {
        "id": "qp7o8nlnbi",
        "name": "on which",
        "value": "on which",
        "optionLetter": "D",
        "selectAnswerClass": "",
        "selectAnswerResultClass": "",
        "selectAnswerResultIcon": ""
      }
    ]
  },
  {
    "questions": "This is the hotel _______ they stayed last month.",
    "value": "where",
    "rightValue": "where",
    "answerList": [
      {
        "id": "29xsintoz0u",
        "name": "which",
        "value": "which",
        "optionLetter": "A",
        "selectAnswerClass": "",
        "selectAnswerResultClass": "",
        "selectAnswerResultIcon": ""
      },
      {
        "id": "17jcve8pjri",
        "name": "where",
        "value": "where",
        "optionLetter": "B",
        "selectAnswerClass": "",
        "selectAnswerResultClass": "",
        "selectAnswerResultIcon": ""
      },
      {
        "id": "t5twnksj7y",
        "name": "that",
        "value": "that",
        "optionLetter": "C",
        "selectAnswerClass": "",
        "selectAnswerResultClass": "",
        "selectAnswerResultIcon": ""
      },
      {
        "id": "1lipee1e9fy",
        "name": "at that",
        "value": "at that",
        "optionLetter": "D",
        "selectAnswerClass": "",
        "selectAnswerResultClass": "",
        "selectAnswerResultIcon": ""
      }
    ]
  },
  {
    "questions": "The factory ______we'll visit next week is not far from here.",
    "value": "which",
    "rightValue": "which",
    "answerList": [
      {
        "id": "27rt421xb9q",
        "name": "where",
        "value": "where",
        "optionLetter": "A",
        "selectAnswerClass": "",
        "selectAnswerResultClass": "",
        "selectAnswerResultIcon": ""
      },
      {
        "id": "srngwpk8cu",
        "name": "to which",
        "value": "to which",
        "optionLetter": "B",
        "selectAnswerClass": "",
        "selectAnswerResultClass": "",
        "selectAnswerResultIcon": ""
      },
      {
        "id": "1p2bc3ugz7y",
        "name": "which",
        "value": "which",
        "optionLetter": "C",
        "selectAnswerClass": "",
        "selectAnswerResultClass": "",
        "selectAnswerResultIcon": ""
      },
      {
        "id": "z622sb24we",
        "name": "in which",
        "value": "in which",
        "optionLetter": "D",
        "selectAnswerClass": "",
        "selectAnswerResultClass": "",
        "selectAnswerResultIcon": ""
      }
    ]
  },
  {
    "questions": "They arrived at a farmhouse, in front of ______sat a small boy.",
    "value": "which",
    "rightValue": "which",
    "answerList": [
      {
        "id": "1yt8nttfg3y",
        "name": "whom",
        "value": "whom",
        "optionLetter": "A",
        "selectAnswerClass": "",
        "selectAnswerResultClass": "",
        "selectAnswerResultIcon": ""
      },
      {
        "id": "c11vou9emm",
        "name": "who",
        "value": "who",
        "optionLetter": "B",
        "selectAnswerClass": "",
        "selectAnswerResultClass": "",
        "selectAnswerResultIcon": ""
      },
      {
        "id": "gnnipj7ya6",
        "name": "which",
        "value": "which",
        "optionLetter": "C",
        "selectAnswerClass": "",
        "selectAnswerResultClass": "",
        "selectAnswerResultIcon": ""
      },
      {
        "id": "28ustcxt55a",
        "name": "that",
        "value": "that",
        "optionLetter": "D",
        "selectAnswerClass": "",
        "selectAnswerResultClass": "",
        "selectAnswerResultIcon": ""
      }
    ]
  },
  {
    "questions": "He talked a lot about things and persons ________they remembered in the school.",
    "value": "that",
    "rightValue": "that",
    "answerList": [
      {
        "id": "ldsrnxzkni",
        "name": "which",
        "value": "which",
        "optionLetter": "A",
        "selectAnswerClass": "",
        "selectAnswerResultClass": "",
        "selectAnswerResultIcon": ""
      },
      {
        "id": "18tfskk7j2m",
        "name": "that",
        "value": "that",
        "optionLetter": "B",
        "selectAnswerClass": "",
        "selectAnswerResultClass": "",
        "selectAnswerResultIcon": ""
      },
      {
        "id": "la95q86hxq",
        "name": "whom",
        "value": "whom",
        "optionLetter": "C",
        "selectAnswerClass": "",
        "selectAnswerResultClass": "",
        "selectAnswerResultIcon": ""
      },
      {
        "id": "1vuwdqb76mm",
        "name": "what",
        "value": "what",
        "optionLetter": "D",
        "selectAnswerClass": "",
        "selectAnswerResultClass": "",
        "selectAnswerResultIcon": ""
      }
    ]
  },
  {
    "questions": "This is the case ________ he’s had all his money stolen.",
    "value": "where",
    "rightValue": "where",
    "answerList": [
      {
        "id": "xhspv4buq6",
        "name": "when",
        "value": "when",
        "optionLetter": "A",
        "selectAnswerClass": "",
        "selectAnswerResultClass": "",
        "selectAnswerResultIcon": ""
      },
      {
        "id": "20l1mopyszy",
        "name": "where",
        "value": "where",
        "optionLetter": "B",
        "selectAnswerClass": "",
        "selectAnswerResultClass": "",
        "selectAnswerResultIcon": ""
      },
      {
        "id": "db4sv5rdxq",
        "name": "that",
        "value": "that",
        "optionLetter": "C",
        "selectAnswerClass": "",
        "selectAnswerResultClass": "",
        "selectAnswerResultIcon": ""
      },
      {
        "id": "1cd1qada8um",
        "name": "on which",
        "value": "on which",
        "optionLetter": "D",
        "selectAnswerClass": "",
        "selectAnswerResultClass": "",
        "selectAnswerResultIcon": ""
      }
    ]
  },
  {
    "questions": "October 15th is my birthday, ________ I will never forget.",
    "value": "which",
    "rightValue": "which",
    "answerList": [
      {
        "id": "1cr8618ijpq",
        "name": "when",
        "value": "when",
        "optionLetter": "A",
        "selectAnswerClass": "",
        "selectAnswerResultClass": "",
        "selectAnswerResultIcon": ""
      },
      {
        "id": "p81j6whiku",
        "name": "that",
        "value": "that",
        "optionLetter": "B",
        "selectAnswerClass": "",
        "selectAnswerResultClass": "",
        "selectAnswerResultIcon": ""
      },
      {
        "id": "21dei6gfeq6",
        "name": "what",
        "value": "what",
        "optionLetter": "C",
        "selectAnswerClass": "",
        "selectAnswerResultClass": "",
        "selectAnswerResultIcon": ""
      },
      {
        "id": "2parkrnoqq6",
        "name": "which",
        "value": "which",
        "optionLetter": "D",
        "selectAnswerClass": "",
        "selectAnswerResultClass": "",
        "selectAnswerResultIcon": ""
      }
    ]
  },
  {
    "questions": "The engineer ______my father works is about 50 years old.",
    "value": "with whom",
    "rightValue": "with whom",
    "answerList": [
      {
        "id": "eakw8bu53i",
        "name": "to whom",
        "value": "to whom",
        "optionLetter": "A",
        "selectAnswerClass": "",
        "selectAnswerResultClass": "",
        "selectAnswerResultIcon": ""
      },
      {
        "id": "1f4asifwcwe",
        "name": "on whom",
        "value": "on whom",
        "optionLetter": "B",
        "selectAnswerClass": "",
        "selectAnswerResultClass": "",
        "selectAnswerResultIcon": ""
      },
      {
        "id": "19zz3t5wfny",
        "name": "with which",
        "value": "with which",
        "optionLetter": "C",
        "selectAnswerClass": "",
        "selectAnswerResultClass": "",
        "selectAnswerResultIcon": ""
      },
      {
        "id": "9dcfehgdam",
        "name": "with whom",
        "value": "with whom",
        "optionLetter": "D",
        "selectAnswerClass": "",
        "selectAnswerResultClass": "",
        "selectAnswerResultIcon": ""
      }
    ]
  },
  {
    "questions": "Look out! Don’t get too close to the house ______ roof is under repair.",
    "value": "whose",
    "rightValue": "whose",
    "answerList": [
      {
        "id": "1vyfzo109ce",
        "name": "whose",
        "value": "whose",
        "optionLetter": "A",
        "selectAnswerClass": "",
        "selectAnswerResultClass": "",
        "selectAnswerResultIcon": ""
      },
      {
        "id": "1ua6mqu9z66",
        "name": "which",
        "value": "which",
        "optionLetter": "B",
        "selectAnswerClass": "",
        "selectAnswerResultClass": "",
        "selectAnswerResultIcon": ""
      },
      {
        "id": "2kh2pvj41n2",
        "name": "of which",
        "value": "of which",
        "optionLetter": "C",
        "selectAnswerClass": "",
        "selectAnswerResultClass": "",
        "selectAnswerResultIcon": ""
      },
      {
        "id": "uxmvihbw3y",
        "name": "that",
        "value": "that",
        "optionLetter": "D",
        "selectAnswerClass": "",
        "selectAnswerResultClass": "",
        "selectAnswerResultIcon": ""
      }
    ]
  },
  {
    "questions": "_______worried the doctors most was _______they could find the cause of the disease.",
    "value": "What; how",
    "rightValue": "What; how",
    "answerList": [
      {
        "id": "23u0qldmamm",
        "name": "What; what",
        "value": "What; what",
        "optionLetter": "A",
        "selectAnswerClass": "",
        "selectAnswerResultClass": "",
        "selectAnswerResultIcon": ""
      },
      {
        "id": "9nz97mvlfy",
        "name": "That; that",
        "value": "That; that",
        "optionLetter": "B",
        "selectAnswerClass": "",
        "selectAnswerResultClass": "",
        "selectAnswerResultIcon": ""
      },
      {
        "id": "1a72bolil3i",
        "name": "What; how",
        "value": "What; how",
        "optionLetter": "C",
        "selectAnswerClass": "",
        "selectAnswerResultClass": "",
        "selectAnswerResultIcon": ""
      },
      {
        "id": "1q5b1eqct3i",
        "name": "How; what",
        "value": "How; what",
        "optionLetter": "D",
        "selectAnswerClass": "",
        "selectAnswerResultClass": "",
        "selectAnswerResultIcon": ""
      }
    ]
  },
  {
    "questions": "It is suggested ____we should think twice before we act.",
    "value": "that",
    "rightValue": "that",
    "answerList": [
      {
        "id": "nuf02v6gjy",
        "name": "as",
        "value": "as",
        "optionLetter": "A",
        "selectAnswerClass": "",
        "selectAnswerResultClass": "",
        "selectAnswerResultIcon": ""
      },
      {
        "id": "c853k9vk26",
        "name": "which",
        "value": "which",
        "optionLetter": "B",
        "selectAnswerClass": "",
        "selectAnswerResultClass": "",
        "selectAnswerResultIcon": ""
      },
      {
        "id": "2a1c4lji1qm",
        "name": "whether",
        "value": "whether",
        "optionLetter": "C",
        "selectAnswerClass": "",
        "selectAnswerResultClass": "",
        "selectAnswerResultIcon": ""
      },
      {
        "id": "uqjnn1pqoe",
        "name": "that",
        "value": "that",
        "optionLetter": "D",
        "selectAnswerClass": "",
        "selectAnswerResultClass": "",
        "selectAnswerResultIcon": ""
      }
    ]
  },
  {
    "questions": "It happened once, however, some seventy years ago, ______ the gold cup was stolen a few days before the race!",
    "value": "that",
    "rightValue": "that",
    "answerList": [
      {
        "id": "22ukn87jjgu",
        "name": "how",
        "value": "how",
        "optionLetter": "A",
        "selectAnswerClass": "",
        "selectAnswerResultClass": "",
        "selectAnswerResultIcon": ""
      },
      {
        "id": "1azf76bz6tq",
        "name": "that",
        "value": "that",
        "optionLetter": "B",
        "selectAnswerClass": "",
        "selectAnswerResultClass": "",
        "selectAnswerResultIcon": ""
      },
      {
        "id": "2abyyeox9vy",
        "name": "where",
        "value": "where",
        "optionLetter": "C",
        "selectAnswerClass": "",
        "selectAnswerResultClass": "",
        "selectAnswerResultIcon": ""
      },
      {
        "id": "1glgxk70hn2",
        "name": "what",
        "value": "what",
        "optionLetter": "D",
        "selectAnswerClass": "",
        "selectAnswerResultClass": "",
        "selectAnswerResultIcon": ""
      }
    ]
  },
  {
    "questions": "_______ Taiwan has purchased a large quantity of arms from the US causes great tension in the Asian and Pacific district.",
    "value": "That",
    "rightValue": "That",
    "answerList": [
      {
        "id": "285zjsx5m4u",
        "name": "What",
        "value": "What",
        "optionLetter": "A",
        "selectAnswerClass": "",
        "selectAnswerResultClass": "",
        "selectAnswerResultIcon": ""
      },
      {
        "id": "1udq8ok31vy",
        "name": "That",
        "value": "That",
        "optionLetter": "B",
        "selectAnswerClass": "",
        "selectAnswerResultClass": "",
        "selectAnswerResultIcon": ""
      },
      {
        "id": "2rulngcbbi",
        "name": "It",
        "value": "It",
        "optionLetter": "C",
        "selectAnswerClass": "",
        "selectAnswerResultClass": "",
        "selectAnswerResultIcon": ""
      },
      {
        "id": "eze5scho3y",
        "name": "As",
        "value": "As",
        "optionLetter": "D",
        "selectAnswerClass": "",
        "selectAnswerResultClass": "",
        "selectAnswerResultIcon": ""
      }
    ]
  },
  {
    "questions": "She looks sad. Could you please tell me ________ that prevents her from being as happy as before?",
    "value": "what it is",
    "rightValue": "what it is",
    "answerList": [
      {
        "id": "2fy0osjykpa",
        "name": "what it is",
        "value": "what it is",
        "optionLetter": "A",
        "selectAnswerClass": "",
        "selectAnswerResultClass": "",
        "selectAnswerResultIcon": ""
      },
      {
        "id": "1nooszt5x72",
        "name": "it is what",
        "value": "it is what",
        "optionLetter": "B",
        "selectAnswerClass": "",
        "selectAnswerResultClass": "",
        "selectAnswerResultIcon": ""
      },
      {
        "id": "sv72ufdb2m",
        "name": "how it i",
        "value": "how it i",
        "optionLetter": "C",
        "selectAnswerClass": "",
        "selectAnswerResultClass": "",
        "selectAnswerResultIcon": ""
      },
      {
        "id": "hjk04zhmq6",
        "name": "it is how",
        "value": "it is how",
        "optionLetter": "D",
        "selectAnswerClass": "",
        "selectAnswerResultClass": "",
        "selectAnswerResultIcon": ""
      }
    ]
  },
  {
    "questions": "The firm invested approximately 60 million dollars in _______ it says is the world’s largest bottle-bottle recycling plant.",
    "value": "what",
    "rightValue": "what",
    "answerList": [
      {
        "id": "2h10e3fueku",
        "name": "that",
        "value": "that",
        "optionLetter": "A",
        "selectAnswerClass": "",
        "selectAnswerResultClass": "",
        "selectAnswerResultIcon": ""
      },
      {
        "id": "14hgzd0o7ke",
        "name": "where",
        "value": "where",
        "optionLetter": "B",
        "selectAnswerClass": "",
        "selectAnswerResultClass": "",
        "selectAnswerResultIcon": ""
      },
      {
        "id": "ix6j90sor2",
        "name": "how",
        "value": "how",
        "optionLetter": "C",
        "selectAnswerClass": "",
        "selectAnswerResultClass": "",
        "selectAnswerResultIcon": ""
      },
      {
        "id": "piod01wqq6",
        "name": "what",
        "value": "what",
        "optionLetter": "D",
        "selectAnswerClass": "",
        "selectAnswerResultClass": "",
        "selectAnswerResultIcon": ""
      }
    ]
  },
  {
    "questions": "_____impressed me most was _____such a little boy could play the violin so well.",
    "value": "What; that",
    "rightValue": "What; that",
    "answerList": [
      {
        "id": "eakw8bu53i",
        "name": "That; what",
        "value": "That; what",
        "optionLetter": "A",
        "selectAnswerClass": "",
        "selectAnswerResultClass": "",
        "selectAnswerResultIcon": ""
      },
      {
        "id": "1s7qu2sbe4u",
        "name": "What; that",
        "value": "What; that",
        "optionLetter": "B",
        "selectAnswerClass": "",
        "selectAnswerResultClass": "",
        "selectAnswerResultIcon": ""
      },
      {
        "id": "25wgj9fkvny",
        "name": "That;  that",
        "value": "That;  that",
        "optionLetter": "C",
        "selectAnswerClass": "",
        "selectAnswerResultClass": "",
        "selectAnswerResultIcon": ""
      },
      {
        "id": "loflh3essu",
        "name": "What; what",
        "value": "What; what",
        "optionLetter": "D",
        "selectAnswerClass": "",
        "selectAnswerResultClass": "",
        "selectAnswerResultIcon": ""
      }
    ]
  },
  {
    "questions": "________team wins on Saturday will go through to the national championships.",
    "value": "Whichever",
    "rightValue": "Whichever",
    "answerList": [
      {
        "id": "12m4ekebrym",
        "name": "Whenever",
        "value": "Whenever",
        "optionLetter": "A",
        "selectAnswerClass": "",
        "selectAnswerResultClass": "",
        "selectAnswerResultIcon": ""
      },
      {
        "id": "291w18dfaku",
        "name": "However",
        "value": "However",
        "optionLetter": "B",
        "selectAnswerClass": "",
        "selectAnswerResultClass": "",
        "selectAnswerResultIcon": ""
      },
      {
        "id": "4g3ykn2lhq",
        "name": "Whatever",
        "value": "Whatever",
        "optionLetter": "C",
        "selectAnswerClass": "",
        "selectAnswerResultClass": "",
        "selectAnswerResultIcon": ""
      },
      {
        "id": "2fuh2uu5hzi",
        "name": "Whichever",
        "value": "Whichever",
        "optionLetter": "D",
        "selectAnswerClass": "",
        "selectAnswerResultClass": "",
        "selectAnswerResultIcon": ""
      }
    ]
  },
  {
    "questions": "________life began on the earth is one of the biggest puzzles to scientists.",
    "value": "How",
    "rightValue": "How",
    "answerList": [
      {
        "id": "709sxa2k3y",
        "name": "How",
        "value": "How",
        "optionLetter": "A",
        "selectAnswerClass": "",
        "selectAnswerResultClass": "",
        "selectAnswerResultIcon": ""
      },
      {
        "id": "7p32haq34e",
        "name": "What",
        "value": "What",
        "optionLetter": "B",
        "selectAnswerClass": "",
        "selectAnswerResultClass": "",
        "selectAnswerResultIcon": ""
      },
      {
        "id": "s9xf84iury",
        "name": "Where",
        "value": "Where",
        "optionLetter": "C",
        "selectAnswerClass": "",
        "selectAnswerResultClass": "",
        "selectAnswerResultIcon": ""
      },
      {
        "id": "2cav5512s7i",
        "name": "That",
        "value": "That",
        "optionLetter": "D",
        "selectAnswerClass": "",
        "selectAnswerResultClass": "",
        "selectAnswerResultIcon": ""
      }
    ]
  },
  {
    "questions": "It is very clear ______ our policy is correct.",
    "value": "that",
    "rightValue": "that",
    "answerList": [
      {
        "id": "yksf607olq",
        "name": "what",
        "value": "what",
        "optionLetter": "A",
        "selectAnswerClass": "",
        "selectAnswerResultClass": "",
        "selectAnswerResultIcon": ""
      },
      {
        "id": "1e82jf19am",
        "name": "that",
        "value": "that",
        "optionLetter": "B",
        "selectAnswerClass": "",
        "selectAnswerResultClass": "",
        "selectAnswerResultIcon": ""
      },
      {
        "id": "syqos56dse",
        "name": "why",
        "value": "why",
        "optionLetter": "C",
        "selectAnswerClass": "",
        "selectAnswerResultClass": "",
        "selectAnswerResultIcon": ""
      },
      {
        "id": "2gjaceut0zy",
        "name": "where",
        "value": "where",
        "optionLetter": "D",
        "selectAnswerClass": "",
        "selectAnswerResultClass": "",
        "selectAnswerResultIcon": ""
      }
    ]
  },
  {
    "questions": "_____the rising house prices will be under control is what worries people most.",
    "value": "Whether",
    "rightValue": "Whether",
    "answerList": [
      {
        "id": "cpv58uwxn2",
        "name": "What",
        "value": "What",
        "optionLetter": "A",
        "selectAnswerClass": "",
        "selectAnswerResultClass": "",
        "selectAnswerResultIcon": ""
      },
      {
        "id": "12po0i44uoe",
        "name": "Whether",
        "value": "Whether",
        "optionLetter": "B",
        "selectAnswerClass": "",
        "selectAnswerResultClass": "",
        "selectAnswerResultIcon": ""
      },
      {
        "id": "24876c8ulhq",
        "name": "That",
        "value": "That",
        "optionLetter": "C",
        "selectAnswerClass": "",
        "selectAnswerResultClass": "",
        "selectAnswerResultIcon": ""
      },
      {
        "id": "q7hmk2k9qm",
        "name": "Why",
        "value": "Why",
        "optionLetter": "D",
        "selectAnswerClass": "",
        "selectAnswerResultClass": "",
        "selectAnswerResultIcon": ""
      }
    ]
  },
  {
    "questions": "________ we’ll go camping tomorrow depends on the weather.",
    "value": "Whether",
    "rightValue": "Whether",
    "answerList": [
      {
        "id": "18f9ctoz87i",
        "name": "If",
        "value": "If",
        "optionLetter": "A",
        "selectAnswerClass": "",
        "selectAnswerResultClass": "",
        "selectAnswerResultIcon": ""
      },
      {
        "id": "839i85ydzi",
        "name": "Whether",
        "value": "Whether",
        "optionLetter": "B",
        "selectAnswerClass": "",
        "selectAnswerResultClass": "",
        "selectAnswerResultIcon": ""
      },
      {
        "id": "kw2pzcy72m",
        "name": "That",
        "value": "That",
        "optionLetter": "C",
        "selectAnswerClass": "",
        "selectAnswerResultClass": "",
        "selectAnswerResultIcon": ""
      },
      {
        "id": "2hf6tub2pfy",
        "name": "When",
        "value": "When",
        "optionLetter": "D",
        "selectAnswerClass": "",
        "selectAnswerResultClass": "",
        "selectAnswerResultIcon": ""
      }
    ]
  },
  {
    "questions": "It is no longer a question now______ the Chinese astronauts can wave our national flag in outer space.",
    "value": "that",
    "rightValue": "that",
    "answerList": [
      {
        "id": "23jdws872ha",
        "name": "where",
        "value": "where",
        "optionLetter": "A",
        "selectAnswerClass": "",
        "selectAnswerResultClass": "",
        "selectAnswerResultIcon": ""
      },
      {
        "id": "1xmpcl7qjim",
        "name": "whether",
        "value": "whether",
        "optionLetter": "B",
        "selectAnswerClass": "",
        "selectAnswerResultClass": "",
        "selectAnswerResultIcon": ""
      },
      {
        "id": "2eke5oinioe",
        "name": "that",
        "value": "that",
        "optionLetter": "C",
        "selectAnswerClass": "",
        "selectAnswerResultClass": "",
        "selectAnswerResultIcon": ""
      },
      {
        "id": "zd5anqoaby",
        "name": "what",
        "value": "what",
        "optionLetter": "D",
        "selectAnswerClass": "",
        "selectAnswerResultClass": "",
        "selectAnswerResultIcon": ""
      }
    ]
  },
  {
    "questions": "____we need more equipment is quite obvious.",
    "value": "That",
    "rightValue": "That",
    "answerList": [
      {
        "id": "143ajm5fwpa",
        "name": "／",
        "value": "／",
        "optionLetter": "A",
        "selectAnswerClass": "",
        "selectAnswerResultClass": "",
        "selectAnswerResultIcon": ""
      },
      {
        "id": "1py7tjaqnny",
        "name": "Whether",
        "value": "Whether",
        "optionLetter": "B",
        "selectAnswerClass": "",
        "selectAnswerResultClass": "",
        "selectAnswerResultIcon": ""
      },
      {
        "id": "1emkqtuuzbi",
        "name": "That",
        "value": "That",
        "optionLetter": "C",
        "selectAnswerClass": "",
        "selectAnswerResultClass": "",
        "selectAnswerResultIcon": ""
      },
      {
        "id": "2p3ocw82lam",
        "name": "What",
        "value": "What",
        "optionLetter": "D",
        "selectAnswerClass": "",
        "selectAnswerResultClass": "",
        "selectAnswerResultIcon": ""
      }
    ]
  },
  {
    "questions": "The man didn’t know ________ the thief broke into the house and stole all his valuable things.",
    "value": "when it was that",
    "rightValue": "when it was that",
    "answerList": [
      {
        "id": "vpzr07shu6",
        "name": "it was when that",
        "value": "it was when that",
        "optionLetter": "A",
        "selectAnswerClass": "",
        "selectAnswerResultClass": "",
        "selectAnswerResultIcon": ""
      },
      {
        "id": "184mj0jk026",
        "name": "when it was that",
        "value": "when it was that",
        "optionLetter": "B",
        "selectAnswerClass": "",
        "selectAnswerResultClass": "",
        "selectAnswerResultIcon": ""
      },
      {
        "id": "16jws12mslq",
        "name": "that it was when",
        "value": "that it was when",
        "optionLetter": "C",
        "selectAnswerClass": "",
        "selectAnswerResultClass": "",
        "selectAnswerResultIcon": ""
      },
      {
        "id": "rzalez3mmm",
        "name": "was it when that",
        "value": "was it when that",
        "optionLetter": "D",
        "selectAnswerClass": "",
        "selectAnswerResultClass": "",
        "selectAnswerResultIcon": ""
      }
    ]
  },
  {
    "questions": "_______ makes his shop different is that it offers more personal services.",
    "value": "What",
    "rightValue": "What",
    "answerList": [
      {
        "id": "2ds1a6s6wy6",
        "name": "What",
        "value": "What",
        "optionLetter": "A",
        "selectAnswerClass": "",
        "selectAnswerResultClass": "",
        "selectAnswerResultIcon": ""
      },
      {
        "id": "1aosdd6jyoe",
        "name": "Who",
        "value": "Who",
        "optionLetter": "B",
        "selectAnswerClass": "",
        "selectAnswerResultClass": "",
        "selectAnswerResultIcon": ""
      },
      {
        "id": "w7psostvf2",
        "name": "Whatever",
        "value": "Whatever",
        "optionLetter": "C",
        "selectAnswerClass": "",
        "selectAnswerResultClass": "",
        "selectAnswerResultIcon": ""
      },
      {
        "id": "15o0almd45q",
        "name": "Whoever",
        "value": "Whoever",
        "optionLetter": "D",
        "selectAnswerClass": "",
        "selectAnswerResultClass": "",
        "selectAnswerResultIcon": ""
      }
    ]
  },
  {
    "questions": "The commander ordered that his soldiers ________at the foot of the mountain.",
    "value": "should stop",
    "rightValue": "should stop",
    "answerList": [
      {
        "id": "2k9zi03hw7i",
        "name": "should stop",
        "value": "should stop",
        "optionLetter": "A",
        "selectAnswerClass": "",
        "selectAnswerResultClass": "",
        "selectAnswerResultIcon": ""
      },
      {
        "id": "1xfm4ps4e32",
        "name": "must stop",
        "value": "must stop",
        "optionLetter": "B",
        "selectAnswerClass": "",
        "selectAnswerResultClass": "",
        "selectAnswerResultIcon": ""
      },
      {
        "id": "tggqgq7rda",
        "name": "will stop",
        "value": "will stop",
        "optionLetter": "C",
        "selectAnswerClass": "",
        "selectAnswerResultClass": "",
        "selectAnswerResultIcon": ""
      },
      {
        "id": "1taqjdo780e",
        "name": "would stop",
        "value": "would stop",
        "optionLetter": "D",
        "selectAnswerClass": "",
        "selectAnswerResultClass": "",
        "selectAnswerResultIcon": ""
      }
    ]
  },
  {
    "questions": "The teacher demanded that the exam ________ before eleven.",
    "value": "be finished",
    "rightValue": "be finished",
    "answerList": [
      {
        "id": "l6pjsidf7y",
        "name": "must finish",
        "value": "must finish",
        "optionLetter": "A",
        "selectAnswerClass": "",
        "selectAnswerResultClass": "",
        "selectAnswerResultIcon": ""
      },
      {
        "id": "g9h2ynznf2",
        "name": "would be finished",
        "value": "would be finished",
        "optionLetter": "B",
        "selectAnswerClass": "",
        "selectAnswerResultClass": "",
        "selectAnswerResultIcon": ""
      },
      {
        "id": "118hvgd0pxq",
        "name": "be finished",
        "value": "be finished",
        "optionLetter": "C",
        "selectAnswerClass": "",
        "selectAnswerResultClass": "",
        "selectAnswerResultIcon": ""
      },
      {
        "id": "2fuh2uu5hzi",
        "name": "must be finished",
        "value": "must be finished",
        "optionLetter": "D",
        "selectAnswerClass": "",
        "selectAnswerResultClass": "",
        "selectAnswerResultIcon": ""
      }
    ]
  },
  {
    "questions": "Our teacher suggested that we _______ proper exercise and enough sleeping hour.",
    "value": "should have",
    "rightValue": "should have",
    "answerList": [
      {
        "id": "g9h2ynznf2",
        "name": "had",
        "value": "had",
        "optionLetter": "A",
        "selectAnswerClass": "",
        "selectAnswerResultClass": "",
        "selectAnswerResultIcon": ""
      },
      {
        "id": "285zjsx5m4u",
        "name": "should have",
        "value": "should have",
        "optionLetter": "B",
        "selectAnswerClass": "",
        "selectAnswerResultClass": "",
        "selectAnswerResultIcon": ""
      },
      {
        "id": "t9dilallxq",
        "name": "ought to have",
        "value": "ought to have",
        "optionLetter": "C",
        "selectAnswerClass": "",
        "selectAnswerResultClass": "",
        "selectAnswerResultIcon": ""
      },
      {
        "id": "20hi0r05qa6",
        "name": "will have",
        "value": "will have",
        "optionLetter": "D",
        "selectAnswerClass": "",
        "selectAnswerResultClass": "",
        "selectAnswerResultIcon": ""
      }
    ]
  },
  {
    "questions": " His accent suggests that he _______from Guangdong.",
    "value": "is",
    "rightValue": "is",
    "answerList": [
      {
        "id": "10n87u269n2",
        "name": "is",
        "value": "is",
        "optionLetter": "A",
        "selectAnswerClass": "",
        "selectAnswerResultClass": "",
        "selectAnswerResultIcon": ""
      },
      {
        "id": "1etnypah4r2",
        "name": "has been",
        "value": "has been",
        "optionLetter": "B",
        "selectAnswerClass": "",
        "selectAnswerResultClass": "",
        "selectAnswerResultIcon": ""
      },
      {
        "id": "so3uyzr5n2",
        "name": "should be",
        "value": "should be",
        "optionLetter": "C",
        "selectAnswerClass": "",
        "selectAnswerResultClass": "",
        "selectAnswerResultIcon": ""
      },
      {
        "id": "2h83lyvgk0e",
        "name": "was",
        "value": "was",
        "optionLetter": "D",
        "selectAnswerClass": "",
        "selectAnswerResultClass": "",
        "selectAnswerResultIcon": ""
      }
    ]
  }
]