[
    {
        "id": 1,
        "name": "七色花",
        "dataUrl": "/source/mp3/sqgs/七色花.mp3"
    },
    {
        "id": 2,
        "name": "东郭先生和狼",
        "dataUrl": "/source/mp3/sqgs/东郭先生和狼.mp3"
    },
    {
        "id": 3,
        "name": "乌鸦喝水",
        "dataUrl": "/source/mp3/sqgs/乌鸦喝水.mp3"
    },
    {
        "id": 4,
        "name": "九色鹿",
        "dataUrl": "/source/mp3/sqgs/九色鹿.mp3"
    },
    {
        "id": 5,
        "name": "什么都知道的小麻雀",
        "dataUrl": "/source/mp3/sqgs/什么都知道的小麻雀.mp3"
    },
    {
        "id": 6,
        "name": "会飞的孩子",
        "dataUrl": "/source/mp3/sqgs/会飞的孩子.mp3"
    },
    {
        "id": 7,
        "name": "北风和太阳",
        "dataUrl": "/source/mp3/sqgs/北风和太阳.mp3"
    },
    {
        "id": 8,
        "name": "司马光破缸救人",
        "dataUrl": "/source/mp3/sqgs/司马光破缸救人.mp3"
    },
    {
        "id": 9,
        "name": "咕咚来了",
        "dataUrl": "/source/mp3/sqgs/咕咚来了.mp3"
    },
    {
        "id": 10,
        "name": "大花伞和小花伞",
        "dataUrl": "/source/mp3/sqgs/大花伞和小花伞.mp3"
    },
    {
        "id": 11,
        "name": "守株待兔",
        "dataUrl": "/source/mp3/sqgs/守株待兔.mp3"
    },
    {
        "id": 12,
        "name": "小兔子找太阳",
        "dataUrl": "/source/mp3/sqgs/小兔子找太阳.mp3"
    },
    {
        "id": 13,
        "name": "小吱吱和猫大夫",
        "dataUrl": "/source/mp3/sqgs/小吱吱和猫大夫.mp3"
    },
    {
        "id": 14,
        "name": "小熊数面包",
        "dataUrl": "/source/mp3/sqgs/小熊数面包.mp3"
    },
    {
        "id": 15,
        "name": "小猪修房子",
        "dataUrl": "/source/mp3/sqgs/小猪修房子.mp3"
    },
    {
        "id": 16,
        "name": "小猫种鱼",
        "dataUrl": "/source/mp3/sqgs/小猫种鱼.mp3"
    },
    {
        "id": 17,
        "name": "小猴吃瓜果",
        "dataUrl": "/source/mp3/sqgs/小猴吃瓜果.mp3"
    },
    {
        "id": 18,
        "name": "小麻雀拔毛",
        "dataUrl": "/source/mp3/sqgs/小麻雀拔毛.mp3"
    },
    {
        "id": 19,
        "name": "张良拾鞋",
        "dataUrl": "/source/mp3/sqgs/张良拾鞋.mp3"
    },
    {
        "id": 20,
        "name": "徒劳的寒鸦",
        "dataUrl": "/source/mp3/sqgs/徒劳的寒鸦.mp3"
    },
    {
        "id": 21,
        "name": "想飞的小象",
        "dataUrl": "/source/mp3/sqgs/想飞的小象.mp3"
    },
    {
        "id": 22,
        "name": "拔萝卜",
        "dataUrl": "/source/mp3/sqgs/拔萝卜.mp3"
    },
    {
        "id": 23,
        "name": "掩耳盗铃",
        "dataUrl": "/source/mp3/sqgs/掩耳盗铃.mp3"
    },
    {
        "id": 24,
        "name": "文彦博树洞取球",
        "dataUrl": "/source/mp3/sqgs/文彦博树洞取球.mp3"
    },
    {
        "id": 25,
        "name": "曹冲称象",
        "dataUrl": "/source/mp3/sqgs/曹冲称象.mp3"
    },
    {
        "id": 26,
        "name": "熊妈妈请客",
        "dataUrl": "/source/mp3/sqgs/熊妈妈请客.mp3"
    },
    {
        "id": 27,
        "name": "狐狸和乌鸦",
        "dataUrl": "/source/mp3/sqgs/狐狸和乌鸦.mp3"
    },
    {
        "id": 28,
        "name": "狼来了",
        "dataUrl": "/source/mp3/sqgs/狼来了.mp3"
    },
    {
        "id": 29,
        "name": "猴子捞月亮",
        "dataUrl": "/source/mp3/sqgs/猴子捞月亮.mp3"
    },
    {
        "id": 30,
        "name": "田忌赛马",
        "dataUrl": "/source/mp3/sqgs/田忌赛马.mp3"
    },
    {
        "id": 31,
        "name": "画妈妈",
        "dataUrl": "/source/mp3/sqgs/画妈妈.mp3"
    },
    {
        "id": 32,
        "name": "皇帝的新衣",
        "dataUrl": "/source/mp3/sqgs/皇帝的新衣.mp3"
    },
    {
        "id": 33,
        "name": "神笔马良",
        "dataUrl": "/source/mp3/sqgs/神笔马良.mp3"
    },
    {
        "id": 34,
        "name": "神镜",
        "dataUrl": "/source/mp3/sqgs/神镜.mp3"
    },
    {
        "id": 35,
        "name": "老鼠嫁女儿",
        "dataUrl": "/source/mp3/sqgs/老鼠嫁女儿.mp3"
    },
    {
        "id": 36,
        "name": "豆苗的朋友",
        "dataUrl": "/source/mp3/sqgs/豆苗的朋友.mp3"
    },
    {
        "id": 37,
        "name": "金鹅",
        "dataUrl": "/source/mp3/sqgs/金鹅.mp3"
    },
    {
        "id": 38,
        "name": "长颈鹿看病",
        "dataUrl": "/source/mp3/sqgs/长颈鹿看病.mp3"
    },
    {
        "id": 39,
        "name": "难倒孔子的小孩",
        "dataUrl": "/source/mp3/sqgs/难倒孔子的小孩.mp3"
    },
    {
        "id": 40,
        "name": "骄傲的小蝴蝶",
        "dataUrl": "/source/mp3/sqgs/骄傲的小蝴蝶.mp3"
    },
    {
        "id": 41,
        "name": "龟兔赛跑",
        "dataUrl": "/source/mp3/sqgs/龟兔赛跑.mp3"
    }
]