[
    {
        "id": 1,
        "name": "一袋金粉",
        "dataUrl": "/source/mp3/sqgs/一袋金粉.mp3"
    },
    {
        "id": 2,
        "name": "三头公牛与狮子",
        "dataUrl": "/source/mp3/sqgs/三头公牛与狮子.mp3"
    },
    {
        "id": 3,
        "name": "下雨了",
        "dataUrl": "/source/mp3/sqgs/下雨了.mp3"
    },
    {
        "id": 4,
        "name": "农夫的财宝",
        "dataUrl": "/source/mp3/sqgs/农夫的财宝.mp3"
    },
    {
        "id": 5,
        "name": "医生和老虎",
        "dataUrl": "/source/mp3/sqgs/医生和老虎.mp3"
    },
    {
        "id": 6,
        "name": "嘴巴和耳朵",
        "dataUrl": "/source/mp3/sqgs/嘴巴和耳朵.mp3"
    },
    {
        "id": 7,
        "name": "坐井观天",
        "dataUrl": "/source/mp3/sqgs/坐井观天.mp3"
    },
    {
        "id": 8,
        "name": "天鹅的志向",
        "dataUrl": "/source/mp3/sqgs/天鹅的志向.mp3"
    },
    {
        "id": 9,
        "name": "小懒猫",
        "dataUrl": "/source/mp3/sqgs/小懒猫.mp3"
    },
    {
        "id": 10,
        "name": "小白兔问路",
        "dataUrl": "/source/mp3/sqgs/小白兔问路.mp3"
    },
    {
        "id": 11,
        "name": "小羊过桥",
        "dataUrl": "/source/mp3/sqgs/小羊过桥.mp3"
    },
    {
        "id": 12,
        "name": "少年国王",
        "dataUrl": "/source/mp3/sqgs/少年国王.mp3"
    },
    {
        "id": 13,
        "name": "巨人和裁缝",
        "dataUrl": "/source/mp3/sqgs/巨人和裁缝.mp3"
    },
    {
        "id": 14,
        "name": "幸福绳",
        "dataUrl": "/source/mp3/sqgs/幸福绳.mp3"
    },
    {
        "id": 15,
        "name": "快乐王子",
        "dataUrl": "/source/mp3/sqgs/快乐王子.mp3"
    },
    {
        "id": 16,
        "name": "手捧空花盆的孩子",
        "dataUrl": "/source/mp3/sqgs/手捧空花盆的孩子.mp3"
    },
    {
        "id": 17,
        "name": "找朋友",
        "dataUrl": "/source/mp3/sqgs/找朋友.mp3"
    },
    {
        "id": 18,
        "name": "智慧帽",
        "dataUrl": "/source/mp3/sqgs/智慧帽.mp3"
    },
    {
        "id": 19,
        "name": "木马摇了",
        "dataUrl": "/source/mp3/sqgs/木马摇了.mp3"
    },
    {
        "id": 20,
        "name": "桃太郎",
        "dataUrl": "/source/mp3/sqgs/桃太郎.mp3"
    },
    {
        "id": 21,
        "name": "桃树下的小白兔",
        "dataUrl": "/source/mp3/sqgs/桃树下的小白兔.mp3"
    },
    {
        "id": 22,
        "name": "海外奇国游",
        "dataUrl": "/source/mp3/sqgs/海外奇国游.mp3"
    },
    {
        "id": 23,
        "name": "渔童",
        "dataUrl": "/source/mp3/sqgs/渔童.mp3"
    },
    {
        "id": 24,
        "name": "漂亮的春姑娘",
        "dataUrl": "/source/mp3/sqgs/漂亮的春姑娘.mp3"
    },
    {
        "id": 25,
        "name": "爱漂亮的小企鹅",
        "dataUrl": "/source/mp3/sqgs/爱漂亮的小企鹅.mp3"
    },
    {
        "id": 26,
        "name": "狐狸和水罐",
        "dataUrl": "/source/mp3/sqgs/狐狸和水罐.mp3"
    },
    {
        "id": 27,
        "name": "狮子和熊",
        "dataUrl": "/source/mp3/sqgs/狮子和熊.mp3"
    },
    {
        "id": 28,
        "name": "珍贵的大木碗",
        "dataUrl": "/source/mp3/sqgs/珍贵的大木碗.mp3"
    },
    {
        "id": 29,
        "name": "班门弄斧",
        "dataUrl": "/source/mp3/sqgs/班门弄斧.mp3"
    },
    {
        "id": 30,
        "name": "男孩和狮子",
        "dataUrl": "/source/mp3/sqgs/男孩和狮子.mp3"
    },
    {
        "id": 31,
        "name": "神奇的布袋",
        "dataUrl": "/source/mp3/sqgs/神奇的布袋.mp3"
    },
    {
        "id": 32,
        "name": "红蘑菇和白蘑菇",
        "dataUrl": "/source/mp3/sqgs/红蘑菇和白蘑菇.mp3"
    },
    {
        "id": 33,
        "name": "萝卜回来了",
        "dataUrl": "/source/mp3/sqgs/萝卜回来了.mp3"
    },
    {
        "id": 34,
        "name": "萤火虫找朋友",
        "dataUrl": "/source/mp3/sqgs/萤火虫找朋友.mp3"
    },
    {
        "id": 35,
        "name": "蚂蚁报恩",
        "dataUrl": "/source/mp3/sqgs/蚂蚁报恩.mp3"
    },
    {
        "id": 36,
        "name": "装病的狗熊贝贝",
        "dataUrl": "/source/mp3/sqgs/装病的狗熊贝贝.mp3"
    },
    {
        "id": 37,
        "name": "运盐的驴子",
        "dataUrl": "/source/mp3/sqgs/运盐的驴子.mp3"
    },
    {
        "id": 38,
        "name": "送个冬天给青蛙",
        "dataUrl": "/source/mp3/sqgs/送个冬天给青蛙.mp3"
    },
    {
        "id": 39,
        "name": "长长的花袜子",
        "dataUrl": "/source/mp3/sqgs/长长的花袜子.mp3"
    },
    {
        "id": 40,
        "name": "鸽子与蚂蚁",
        "dataUrl": "/source/mp3/sqgs/鸽子与蚂蚁.mp3"
    }
]