[
    {
        "id": 1,
        "name": "01瞒天过海",
        "dataUrl": "/source/mp3/36ji/01瞒天过海.mp3"
    },
    {
        "id": 2,
        "name": "02围魏救赵",
        "dataUrl": "/source/mp3/36ji/02围魏救赵.mp3"
    },
    {
        "id": 3,
        "name": "03借刀杀人",
        "dataUrl": "/source/mp3/36ji/03借刀杀人.mp3"
    },
    {
        "id": 4,
        "name": "04以逸待劳",
        "dataUrl": "/source/mp3/36ji/04以逸待劳.mp3"
    },
    {
        "id": 5,
        "name": "05趁火打劫",
        "dataUrl": "/source/mp3/36ji/05趁火打劫.mp3"
    },
    {
        "id": 6,
        "name": "06声东击西",
        "dataUrl": "/source/mp3/36ji/06声东击西.mp3"
    },
    {
        "id": 7,
        "name": "07无中生有",
        "dataUrl": "/source/mp3/36ji/07无中生有.mp3"
    },
    {
        "id": 8,
        "name": "08暗渡陈仓",
        "dataUrl": "/source/mp3/36ji/08暗渡陈仓.mp3"
    },
    {
        "id": 9,
        "name": "09隔岸观火",
        "dataUrl": "/source/mp3/36ji/09隔岸观火.mp3"
    },
    {
        "id": 10,
        "name": "10笑里藏刀",
        "dataUrl": "/source/mp3/36ji/10笑里藏刀.mp3"
    },
    {
        "id": 11,
        "name": "11李代桃僵",
        "dataUrl": "/source/mp3/36ji/11李代桃僵.mp3"
    },
    {
        "id": 12,
        "name": "12顺手牵羊",
        "dataUrl": "/source/mp3/36ji/12顺手牵羊.mp3"
    },
    {
        "id": 13,
        "name": "13打草惊蛇",
        "dataUrl": "/source/mp3/36ji/13打草惊蛇.mp3"
    },
    {
        "id": 14,
        "name": "14借尸还魂",
        "dataUrl": "/source/mp3/36ji/14借尸还魂.mp3"
    },
    {
        "id": 15,
        "name": "15调虎离山",
        "dataUrl": "/source/mp3/36ji/15调虎离山.mp3"
    },
    {
        "id": 16,
        "name": "16欲擒故纵",
        "dataUrl": "/source/mp3/36ji/16欲擒故纵.mp3"
    },
    {
        "id": 17,
        "name": "17抛砖引玉",
        "dataUrl": "/source/mp3/36ji/17抛砖引玉.mp3"
    },
    {
        "id": 18,
        "name": "18擒贼擒王",
        "dataUrl": "/source/mp3/36ji/18擒贼擒王.mp3"
    },
    {
        "id": 19,
        "name": "19釜底抽薪",
        "dataUrl": "/source/mp3/36ji/19釜底抽薪.mp3"
    },
    {
        "id": 20,
        "name": "20混水摸鱼",
        "dataUrl": "/source/mp3/36ji/20混水摸鱼.mp3"
    },
    {
        "id": 21,
        "name": "21金蝉脱壳",
        "dataUrl": "/source/mp3/36ji/21金蝉脱壳.mp3"
    },
    {
        "id": 22,
        "name": "22关门捉贼",
        "dataUrl": "/source/mp3/36ji/22关门捉贼.mp3"
    },
    {
        "id": 23,
        "name": "23远交近攻",
        "dataUrl": "/source/mp3/36ji/23远交近攻.mp3"
    },
    {
        "id": 24,
        "name": "24假道伐虢",
        "dataUrl": "/source/mp3/36ji/24假道伐虢.mp3"
    },
    {
        "id": 25,
        "name": "25偷梁换柱",
        "dataUrl": "/source/mp3/36ji/25偷梁换柱.mp3"
    },
    {
        "id": 26,
        "name": "26指桑骂槐",
        "dataUrl": "/source/mp3/36ji/26指桑骂槐.mp3"
    },
    {
        "id": 27,
        "name": "27假痴不癫",
        "dataUrl": "/source/mp3/36ji/27假痴不癫.mp3"
    },
    {
        "id": 28,
        "name": "28上屋抽梯",
        "dataUrl": "/source/mp3/36ji/28上屋抽梯.mp3"
    },
    {
        "id": 29,
        "name": "29树上开花",
        "dataUrl": "/source/mp3/36ji/29树上开花.mp3"
    },
    {
        "id": 30,
        "name": "30反客为主",
        "dataUrl": "/source/mp3/36ji/30反客为主.mp3"
    },
    {
        "id": 31,
        "name": "31美人计",
        "dataUrl": "/source/mp3/36ji/31美人计.mp3"
    },
    {
        "id": 32,
        "name": "32空城计",
        "dataUrl": "/source/mp3/36ji/32空城计.mp3"
    },
    {
        "id": 33,
        "name": "33反奸计",
        "dataUrl": "/source/mp3/36ji/33反奸计.mp3"
    },
    {
        "id": 34,
        "name": "34苦肉计",
        "dataUrl": "/source/mp3/36ji/34苦肉计.mp3"
    },
    {
        "id": 35,
        "name": "35连环计",
        "dataUrl": "/source/mp3/36ji/35连环计.mp3"
    },
    {
        "id": 36,
        "name": "36走为上计",
        "dataUrl": "/source/mp3/36ji/36走为上计.mp3"
    }
]