[
  {
    "name": "在线测试",
    "id": "2",
    "cardType": "navigation",
    "openType": "",
    "icon":"develop.grey.svg",
    "dataUrl": "/source/json/ce.shi.json",
    "class": ""
  },
  {
    "id": "3",
    "name": "在线听故事",
    "cardType": "navigation",
    "icon":"ting.grey.svg",
    "dataUrl": "/source/json/ting.json",
    "class": ""
  },
    {
      "id": "4",
      "name": "益智休闲",
      "cardType": "navigation",
      "icon":"yizhi.grey.svg",
      "dataUrl": "/source/json/yi.zhi.json",
      "class": ""
    }
  ]