[
        {
          "downloadUrl": "https://pan.baidu.com/s/1xOsoO8xS5onb6zbtdKkRGQ&pwd=jazx",
          "url": "../../source/image/preview/",
          "src": "ielts.png",
          "name": "剑桥雅思4 含试卷pdf和听力",
          "desc": "提取码：jazx;解压密码：jazx.com"
        },

        {
          "downloadUrl": "https://pan.baidu.com/s/1AloPNiWFZPKc26zFChtiYA&pwd=jazx",
          "url": "../../source/image/preview/",
          "src": "ielts.png",
          "name": "剑桥雅思5 含试卷pdf和听力",
          "desc": "提取码：jazx;解压密码：jazx.com"
        },

        {
          "downloadUrl": "https://pan.baidu.com/s/1fO3dLB7YINfkt4ns-s8U7Q&pwd=jazx",
          "url": "../../source/image/preview/",
          "src": "ielts.png",
          "name": "剑桥雅思6 含试卷pdf和听力",
          "desc": "提取码：jazx;解压密码：jazx.com"
        },


        {
          "downloadUrl": "https://pan.baidu.com/s/1SbfOvW1nRcSji7SfBrEWUw&pwd=jazx",
          "url": "../../source/image/preview/",
          "src": "ielts.png",
          "name": "剑桥雅思7 含试卷pdf和听力",
          "desc": "提取码：jazx;解压密码：jazx.com"
        },

        {
          "downloadUrl": "https://pan.baidu.com/s/1k7XR_Mpd03jXHsdcK77T7Q&pwd=jazx",
          "url": "../../source/image/preview/",
          "src": "ielts.png",
          "name": "剑桥雅思8 含试卷pdf和听力",
          "desc": "提取码：jazx;解压密码：jazx.com"
        },


        {
          "downloadUrl": "https://pan.baidu.com/s/1zFvbWdUYZZcq6GsdAe75PQ&pwd=jazx",
          "url": "../../source/image/preview/",
          "src": "ielts.png",
          "name": "剑桥雅思9 含试卷pdf和听力",
          "desc": "提取码：jazx;解压密码：jazx.com"
        },


        {
          "downloadUrl": "https://pan.baidu.com/s/1AQtH90L_llG5frzUibbtmQ&pwd=jazx",
          "url": "../../source/image/preview/",
          "src": "ielts.png",
          "name": "剑桥雅思10 含试卷pdf和听力",
          "desc": "提取码：jazx;解压密码：jazx.com"
        },

        {
          "downloadUrl": "https://pan.baidu.com/s/1b15x09i2QOcrK2X4arh92g&pwd=jazx",
          "url": "../../source/image/preview/",
          "src": "ielts.png",
          "name": "剑桥雅思11 含试卷pdf和听力",
          "desc": "提取码：jazx;解压密码：jazx.com"
        },

        {
          "downloadUrl": "https://pan.baidu.com/s/10Q5TXQySlQO-S9H3LAaEfg&pwd=jazx",
          "url": "../../source/image/preview/",
          "src": "ielts.png",
          "name": "剑桥雅思12 含试卷pdf和听力",
          "desc": "提取码：jazx;解压密码：jazx.com"
        },
        {
          "downloadUrl": "https://pan.baidu.com/s/1tc4q7xLZMKvJnZ9IkcGX7w&pwd=jazx",
          "url": "../../source/image/preview/",
          "src": "ielts.png",
          "name": "剑桥雅思13 含试卷pdf和听力",
          "desc": "提取码：jazx;解压密码：jazx.com"
        },
        {
          "downloadUrl": "https://pan.baidu.com/s/12oaunaSL8O_h9lBEASdtNQ&pwd=jazx",
          "url": "../../source/image/preview/",
          "src": "ielts.png",
          "name": "剑桥雅思14 含试卷pdf和听力",
          "desc": "提取码：jazx;解压密码：jazx.com"
        },
        {
          "downloadUrl": "https://pan.baidu.com/s/1hBB3dXjB0tdfZt_cs4FHIg&pwd=jazx",
          "url": "../../source/image/preview/",
          "src": "ielts.png",
          "name": "剑桥雅思15 含试卷pdf和听力",
          "desc": "提取码：jazx;解压密码：jazx.com"
        },
        {
          "downloadUrl": "https://pan.baidu.com/s/19Nflz__SDy-X0UyuF7efzA&pwd=jazx",
          "url": "../../source/image/preview/",
          "src": "ielts.png",
          "name": "剑桥雅思16 含试卷pdf和听力",
          "desc": "提取码：jazx;解压密码：jazx.com"
        }


      ]
