[
    {
        "id": 1,
        "name": "09钢琴奏鸣曲",
        "dataUrl": "/source/mp3/mozhate/09钢琴奏鸣曲.mp3"
    },
    {
        "id": 2,
        "name": "C小调第41交响曲",
        "dataUrl": "/source/mp3/mozhate/C小调第41交响曲.mp3"
    },
    {
        "id": 3,
        "name": "F大调小提琴钢琴奏鸣曲",
        "dataUrl": "/source/mp3/mozhate/F大调小提琴钢琴奏鸣曲.mp3"
    },
    {
        "id": 4,
        "name": "主耶稣诞生了",
        "dataUrl": "/source/mp3/mozhate/主耶稣诞生了.mp3"
    },
    {
        "id": 5,
        "name": "催眠曲",
        "dataUrl": "/source/mp3/mozhate/催眠曲.mp3"
    },
    {
        "id": 6,
        "name": "单簧管协奏曲柔版",
        "dataUrl": "/source/mp3/mozhate/单簧管协奏曲柔版.mp3"
    },
    {
        "id": 7,
        "name": "即兴音符",
        "dataUrl": "/source/mp3/mozhate/即兴音符.mp3"
    },
    {
        "id": 8,
        "name": "可爱的雷鬼旋律",
        "dataUrl": "/source/mp3/mozhate/可爱的雷鬼旋律.mp3"
    },
    {
        "id": 9,
        "name": "土耳其进行曲",
        "dataUrl": "/source/mp3/mozhate/土耳其进行曲.mp3"
    },
    {
        "id": 10,
        "name": "大海协奏曲",
        "dataUrl": "/source/mp3/mozhate/大海协奏曲.mp3"
    },
    {
        "id": 11,
        "name": "嬉戏曲",
        "dataUrl": "/source/mp3/mozhate/嬉戏曲.mp3"
    },
    {
        "id": 12,
        "name": "小步舞曲",
        "dataUrl": "/source/mp3/mozhate/小步舞曲.mp3"
    },
    {
        "id": 13,
        "name": "布拉姆斯摇篮曲",
        "dataUrl": "/source/mp3/mozhate/布拉姆斯摇篮曲.mp3"
    },
    {
        "id": 14,
        "name": "归航",
        "dataUrl": "/source/mp3/mozhate/归航.mp3"
    },
    {
        "id": 15,
        "name": "快乐颂",
        "dataUrl": "/source/mp3/mozhate/快乐颂.mp3"
    },
    {
        "id": 16,
        "name": "月下小夜曲",
        "dataUrl": "/source/mp3/mozhate/月下小夜曲.mp3"
    },
    {
        "id": 17,
        "name": "杜鹃圆舞曲",
        "dataUrl": "/source/mp3/mozhate/杜鹃圆舞曲.mp3"
    },
    {
        "id": 18,
        "name": "森林夜",
        "dataUrl": "/source/mp3/mozhate/森林夜.mp3"
    },
    {
        "id": 19,
        "name": "森林漫步",
        "dataUrl": "/source/mp3/mozhate/森林漫步.mp3"
    },
    {
        "id": 20,
        "name": "爱的乐章",
        "dataUrl": "/source/mp3/mozhate/爱的乐章.mp3"
    },
    {
        "id": 21,
        "name": "爱的协奏曲",
        "dataUrl": "/source/mp3/mozhate/爱的协奏曲.mp3"
    },
    {
        "id": 22,
        "name": "皇帝圆舞曲",
        "dataUrl": "/source/mp3/mozhate/皇帝圆舞曲.mp3"
    },
    {
        "id": 23,
        "name": "第21钢琴协奏曲",
        "dataUrl": "/source/mp3/mozhate/第21钢琴协奏曲.mp3"
    },
    {
        "id": 24,
        "name": "第27号钢琴协奏曲",
        "dataUrl": "/source/mp3/mozhate/第27号钢琴协奏曲.mp3"
    },
    {
        "id": 25,
        "name": "第38交响乐“布拉格",
        "dataUrl": "/source/mp3/mozhate/第38交响乐“布拉格.mp3"
    },
    {
        "id": 26,
        "name": "第40号交响曲",
        "dataUrl": "/source/mp3/mozhate/第40号交响曲.mp3"
    },
    {
        "id": 27,
        "name": "第三乐章竖琴长笛协奏曲",
        "dataUrl": "/source/mp3/mozhate/第三乐章竖琴长笛协奏曲.mp3"
    },
    {
        "id": 28,
        "name": "第四号小提琴协奏曲",
        "dataUrl": "/source/mp3/mozhate/第四号小提琴协奏曲.mp3"
    },
    {
        "id": 29,
        "name": "美妙的旋律",
        "dataUrl": "/source/mp3/mozhate/美妙的旋律.mp3"
    },
    {
        "id": 30,
        "name": "耶稣人类盼望的喜悦",
        "dataUrl": "/source/mp3/mozhate/耶稣人类盼望的喜悦.mp3"
    },
    {
        "id": 31,
        "name": "肖邦小夜曲",
        "dataUrl": "/source/mp3/mozhate/肖邦小夜曲.mp3"
    },
    {
        "id": 32,
        "name": "自由的风",
        "dataUrl": "/source/mp3/mozhate/自由的风.mp3"
    },
    {
        "id": 33,
        "name": "舒伯特小夜曲",
        "dataUrl": "/source/mp3/mozhate/舒伯特小夜曲.mp3"
    },
    {
        "id": 34,
        "name": "莫扎特效应.zip",
        "dataUrl": "/source/mp3/mozhate/莫扎特效应.zip"
    },
    {
        "id": 35,
        "name": "蓝色的爱",
        "dataUrl": "/source/mp3/mozhate/蓝色的爱.mp3"
    },
    {
        "id": 36,
        "name": "金与银圆舞曲",
        "dataUrl": "/source/mp3/mozhate/金与银圆舞曲.mp3"
    },
    {
        "id": 37,
        "name": "钢琴奏鸣曲",
        "dataUrl": "/source/mp3/mozhate/钢琴奏鸣曲.mp3"
    },
    {
        "id": 38,
        "name": "长笛五重奏",
        "dataUrl": "/source/mp3/mozhate/长笛五重奏.mp3"
    },
    {
        "id": 39,
        "name": "雪橇",
        "dataUrl": "/source/mp3/mozhate/雪橇.mp3"
    },
    {
        "id": 40,
        "name": "静谧的海底",
        "dataUrl": "/source/mp3/mozhate/静谧的海底.mp3"
    },
    {
        "id": 41,
        "name": "韦伯第四季“春”",
        "dataUrl": "/source/mp3/mozhate/韦伯第四季“春”.mp3"
    },
    {
        "id": 42,
        "name": "魔笛序曲",
        "dataUrl": "/source/mp3/mozhate/魔笛序曲.mp3"
    },
    {
        "id": 43,
        "name": "Ｆ大调音乐戏言",
        "dataUrl": "/source/mp3/mozhate/Ｆ大调音乐戏言.mp3"
    }
]