[
      {
        "icon": "/source/svg/math.plus.svg",
        "name": "启蒙",
        "desc": "0-3岁启蒙资料下载",
        "child":[
          {
            "name": "睡前故事",
            "icon": "/source/svg/angular.svg",
            "desc": "适用于0-3岁的睡前故事"
          },
          {
            "name": "莫扎特音乐",
            "desc": "适用于0-3岁的音乐",
            "icon": "/source/svg/music.svg",
            "downloadUrl": "https://pan.baidu.com/s/1pSXBRdR4SAzpq9kb0yh5Ww?pwd=jazx"
          },
          {
            "name": "动画",
            "icon": "/source/svg/angular.svg",
            "desc": "适用于0-3岁的动画"
          },

          {
            "name": "音乐",
            "icon": "/source/svg/angular.svg",
            "desc": "适用于0-3岁的音乐"
          },
          {
            "name": "动画",
            "icon": "/source/svg/angular.svg",
            "desc": "适用于0-3岁的动画"
          }


        ]
      },
    {
      "icon": "/source/svg/math.plus.svg",
      "name": "小班",
      "desc": "幼儿园小班",
      "child":[
        {
          "name": "睡前故事",
          "icon": "/source/svg/math.plus.svg",
          "desc": "适用于0-3岁的睡前故事"
        },
        {
          "name": "音乐",
          "icon": "/source/svg/math.plus.svg",
          "desc": "适用于0-3岁的音乐"
        },
        {
          "name": "动画",
          "icon": "/source/svg/math.plus.svg",
          "desc": "适用于0-3岁的动画"
        }
      ]
    }

]