[
    {
        "id": 101,
        "name": "101.狼和躲进神庙的小羊",
        "dataUrl": "/source/mp3/yisuo/101.狼和躲进神庙的小羊.mp3"
    },
    {
        "id": 102,
        "name": "102.驴和狗",
        "dataUrl": "/source/mp3/yisuo/102.驴和狗.mp3"
    },
    {
        "id": 103,
        "name": "103.狼和狗",
        "dataUrl": "/source/mp3/yisuo/103.狼和狗.mp3"
    },
    {
        "id": 104,
        "name": "104.狼和狗",
        "dataUrl": "/source/mp3/yisuo/104.狼和狗.mp3"
    },
    {
        "id": 105,
        "name": "105.驴和赶驴人",
        "dataUrl": "/source/mp3/yisuo/105.驴和赶驴人.mp3"
    },
    {
        "id": 106,
        "name": "106.驴和狐狸",
        "dataUrl": "/source/mp3/yisuo/106.驴和狐狸.mp3"
    },
    {
        "id": 107,
        "name": "107.狼和驴",
        "dataUrl": "/source/mp3/yisuo/107.狼和驴.mp3"
    },
    {
        "id": 108,
        "name": "108.驴和狼",
        "dataUrl": "/source/mp3/yisuo/108.驴和狼.mp3"
    },
    {
        "id": 109,
        "name": "109.狼和鹭鸶",
        "dataUrl": "/source/mp3/yisuo/109.狼和鹭鸶.mp3"
    },
    {
        "id": 110,
        "name": "110.狼和老太婆",
        "dataUrl": "/source/mp3/yisuo/110.狼和老太婆.mp3"
    },
    {
        "id": 111,
        "name": "111.驴和骡子",
        "dataUrl": "/source/mp3/yisuo/111.驴和骡子.mp3"
    },
    {
        "id": 112,
        "name": "112.狼和马",
        "dataUrl": "/source/mp3/yisuo/112.狼和马.mp3"
    },
    {
        "id": 113,
        "name": "113.驴和马",
        "dataUrl": "/source/mp3/yisuo/113.驴和马.mp3"
    },
    {
        "id": 114,
        "name": "114.狼和牧人",
        "dataUrl": "/source/mp3/yisuo/114.狼和牧人.mp3"
    },
    {
        "id": 115,
        "name": "115.狼和母山羊",
        "dataUrl": "/source/mp3/yisuo/115.狼和母山羊.mp3"
    },
    {
        "id": 116,
        "name": "116.狼和母羊",
        "dataUrl": "/source/mp3/yisuo/116.狼和母羊.mp3"
    },
    {
        "id": 117,
        "name": "117.狼和母羊",
        "dataUrl": "/source/mp3/yisuo/117.狼和母羊.mp3"
    },
    {
        "id": 118,
        "name": "118.鹿和葡萄树",
        "dataUrl": "/source/mp3/yisuo/118.鹿和葡萄树.mp3"
    },
    {
        "id": 119,
        "name": "119.驴和青蛙",
        "dataUrl": "/source/mp3/yisuo/119.驴和青蛙.mp3"
    },
    {
        "id": 120,
        "name": "120.驴狐狸和狮子",
        "dataUrl": "/source/mp3/yisuo/120.驴狐狸和狮子.mp3"
    },
    {
        "id": 121,
        "name": "121.老人和死神",
        "dataUrl": "/source/mp3/yisuo/121.老人和死神.mp3"
    },
    {
        "id": 122,
        "name": "122.旅人和时运女神",
        "dataUrl": "/source/mp3/yisuo/122.旅人和时运女神.mp3"
    },
    {
        "id": 123,
        "name": "123.旅人和熊",
        "dataUrl": "/source/mp3/yisuo/123.旅人和熊.mp3"
    },
    {
        "id": 124,
        "name": "124.旅人和大鸦",
        "dataUrl": "/source/mp3/yisuo/124.旅人和大鸦.mp3"
    },
    {
        "id": 125,
        "name": "125.老鼠和黄鼠狼",
        "dataUrl": "/source/mp3/yisuo/125.老鼠和黄鼠狼.mp3"
    },
    {
        "id": 126,
        "name": "126.老鼠和青蛙",
        "dataUrl": "/source/mp3/yisuo/126.老鼠和青蛙.mp3"
    },
    {
        "id": 127,
        "name": "127.骆驼大象和猴子",
        "dataUrl": "/source/mp3/yisuo/127.骆驼大象和猴子.mp3"
    },
    {
        "id": 128,
        "name": "128.两条狗",
        "dataUrl": "/source/mp3/yisuo/128.两条狗.mp3"
    },
    {
        "id": 129,
        "name": "129.骆驼和宙斯",
        "dataUrl": "/source/mp3/yisuo/129.骆驼和宙斯.mp3"
    },
    {
        "id": 130,
        "name": "130.旅途中的第欧根尼",
        "dataUrl": "/source/mp3/yisuo/130.旅途中的第欧根尼.mp3"
    },
    {
        "id": 131,
        "name": "131.芦苇和橄榄树",
        "dataUrl": "/source/mp3/yisuo/131.芦苇和橄榄树.mp3"
    },
    {
        "id": 132,
        "name": "132.骡子",
        "dataUrl": "/source/mp3/yisuo/132.骡子.mp3"
    },
    {
        "id": 133,
        "name": "133.两只口袋",
        "dataUrl": "/source/mp3/yisuo/133.两只口袋.mp3"
    },
    {
        "id": 134,
        "name": "134.两只青蛙",
        "dataUrl": "/source/mp3/yisuo/134.两只青蛙.mp3"
    },
    {
        "id": 135,
        "name": "135.两只屎壳郎",
        "dataUrl": "/source/mp3/yisuo/135.两只屎壳郎.mp3"
    },
    {
        "id": 136,
        "name": "136.木柴和油榄",
        "dataUrl": "/source/mp3/yisuo/136.木柴和油榄.mp3"
    },
    {
        "id": 137,
        "name": "137.蜜蜂和宙斯",
        "dataUrl": "/source/mp3/yisuo/137.蜜蜂和宙斯.mp3"
    },
    {
        "id": 138,
        "name": "138.玫瑰和不凋花",
        "dataUrl": "/source/mp3/yisuo/138.玫瑰和不凋花.mp3"
    },
    {
        "id": 139,
        "name": "139.猫和公鸡",
        "dataUrl": "/source/mp3/yisuo/139.猫和公鸡.mp3"
    },
    {
        "id": 140,
        "name": "140.猫和鸡",
        "dataUrl": "/source/mp3/yisuo/140.猫和鸡.mp3"
    },
    {
        "id": 141,
        "name": "141.马和驴",
        "dataUrl": "/source/mp3/yisuo/141.马和驴.mp3"
    },
    {
        "id": 142,
        "name": "142.马和马夫",
        "dataUrl": "/source/mp3/yisuo/142.马和马夫.mp3"
    },
    {
        "id": 143,
        "name": "143.马和骑兵",
        "dataUrl": "/source/mp3/yisuo/143.马和骑兵.mp3"
    },
    {
        "id": 144,
        "name": "144.猫和鼠",
        "dataUrl": "/source/mp3/yisuo/144.猫和鼠.mp3"
    },
    {
        "id": 145,
        "name": "145.母鸡和燕子",
        "dataUrl": "/source/mp3/yisuo/145.母鸡和燕子.mp3"
    },
    {
        "id": 146,
        "name": "146.买驴",
        "dataUrl": "/source/mp3/yisuo/146.买驴.mp3"
    },
    {
        "id": 147,
        "name": "147.马牛狗和人",
        "dataUrl": "/source/mp3/yisuo/147.马牛狗和人.mp3"
    },
    {
        "id": 148,
        "name": "148.牧牛人和赫拉克勒斯",
        "dataUrl": "/source/mp3/yisuo/148.牧牛人和赫拉克勒斯.mp3"
    },
    {
        "id": 149,
        "name": "149.冒牌医生",
        "dataUrl": "/source/mp3/yisuo/149.冒牌医生.mp3"
    },
    {
        "id": 150,
        "name": "150.盲人",
        "dataUrl": "/source/mp3/yisuo/150.盲人.mp3"
    }
]