[
    {
        "id": 151,
        "name": "151.牧人和狗",
        "dataUrl": "/source/mp3/yisuo/151.牧人和狗.mp3"
    },
    {
        "id": 152,
        "name": "152.牧人和狗",
        "dataUrl": "/source/mp3/yisuo/152.牧人和狗.mp3"
    },
    {
        "id": 153,
        "name": "153.牧人和海",
        "dataUrl": "/source/mp3/yisuo/153.牧人和海.mp3"
    },
    {
        "id": 154,
        "name": "154.牧人和狼",
        "dataUrl": "/source/mp3/yisuo/154.牧人和狼.mp3"
    },
    {
        "id": 155,
        "name": "155.牧人和野山羊",
        "dataUrl": "/source/mp3/yisuo/155.牧人和野山羊.mp3"
    },
    {
        "id": 156,
        "name": "156.牧人和小狼",
        "dataUrl": "/source/mp3/yisuo/156.牧人和小狼.mp3"
    },
    {
        "id": 157,
        "name": "157.母狮和雌狐",
        "dataUrl": "/source/mp3/yisuo/157.母狮和雌狐.mp3"
    },
    {
        "id": 158,
        "name": "158.卖神像的人",
        "dataUrl": "/source/mp3/yisuo/158.卖神像的人.mp3"
    },
    {
        "id": 159,
        "name": "159.蚂蚁",
        "dataUrl": "/source/mp3/yisuo/159.蚂蚁.mp3"
    },
    {
        "id": 160,
        "name": "160.蚂蚁和鸽子",
        "dataUrl": "/source/mp3/yisuo/160.蚂蚁和鸽子.mp3"
    },
    {
        "id": 161,
        "name": "161.蚂蚁和屎壳郎",
        "dataUrl": "/source/mp3/yisuo/161.蚂蚁和屎壳郎.mp3"
    },
    {
        "id": 162,
        "name": "162.农夫的孩子们",
        "dataUrl": "/source/mp3/yisuo/162.农夫的孩子们.mp3"
    },
    {
        "id": 163,
        "name": "163.农夫和冻僵的蛇",
        "dataUrl": "/source/mp3/yisuo/163.农夫和冻僵的蛇.mp3"
    },
    {
        "id": 164,
        "name": "164.农夫和狗",
        "dataUrl": "/source/mp3/yisuo/164.农夫和狗.mp3"
    },
    {
        "id": 165,
        "name": "165.农夫和时运女神",
        "dataUrl": "/source/mp3/yisuo/165.农夫和时运女神.mp3"
    },
    {
        "id": 166,
        "name": "166.农夫和树",
        "dataUrl": "/source/mp3/yisuo/166.农夫和树.mp3"
    },
    {
        "id": 167,
        "name": "167.农夫和鹰",
        "dataUrl": "/source/mp3/yisuo/167.农夫和鹰.mp3"
    },
    {
        "id": 168,
        "name": "168.农户和咬死他儿子的蛇",
        "dataUrl": "/source/mp3/yisuo/168.农户和咬死他儿子的蛇.mp3"
    },
    {
        "id": 169,
        "name": "169.农夫和他的孩子们",
        "dataUrl": "/source/mp3/yisuo/169.农夫和他的孩子们.mp3"
    },
    {
        "id": 170,
        "name": "170.牛和车轴",
        "dataUrl": "/source/mp3/yisuo/170.牛和车轴.mp3"
    },
    {
        "id": 171,
        "name": "171.年迈的狮子和狐狸",
        "dataUrl": "/source/mp3/yisuo/171.年迈的狮子和狐狸.mp3"
    },
    {
        "id": 172,
        "name": "172.年轻的浪子和燕子",
        "dataUrl": "/source/mp3/yisuo/172.年轻的浪子和燕子.mp3"
    },
    {
        "id": 173,
        "name": "173.年轻人和肉贩",
        "dataUrl": "/source/mp3/yisuo/173.年轻人和肉贩.mp3"
    },
    {
        "id": 174,
        "name": "174.女人和酒鬼丈夫",
        "dataUrl": "/source/mp3/yisuo/174.女人和酒鬼丈夫.mp3"
    },
    {
        "id": 175,
        "name": "175.女巫",
        "dataUrl": "/source/mp3/yisuo/175.女巫.mp3"
    },
    {
        "id": 176,
        "name": "176.捕蝉的小孩和蝎子",
        "dataUrl": "/source/mp3/yisuo/176.捕蝉的小孩和蝎子.mp3"
    },
    {
        "id": 177,
        "name": "177.瓶口许愿的人",
        "dataUrl": "/source/mp3/yisuo/177.瓶口许愿的人.mp3"
    },
    {
        "id": 178,
        "name": "178.普罗米修斯和人",
        "dataUrl": "/source/mp3/yisuo/178.普罗米修斯和人.mp3"
    },
    {
        "id": 179,
        "name": "179.怕老鼠的狮子和狐狸",
        "dataUrl": "/source/mp3/yisuo/179.怕老鼠的狮子和狐狸.mp3"
    },
    {
        "id": 180,
        "name": "180.捕鸟人、野鸽和家鸽",
        "dataUrl": "/source/mp3/yisuo/180.捕鸟人、野鸽和家鸽.mp3"
    },
    {
        "id": 181,
        "name": "181.人和狮子",
        "dataUrl": "/source/mp3/yisuo/181.人和狮子.mp3"
    },
    {
        "id": 182,
        "name": "182.人和羊人",
        "dataUrl": "/source/mp3/yisuo/182.人和羊人.mp3"
    },
    {
        "id": 183,
        "name": "183.人和宙斯",
        "dataUrl": "/source/mp3/yisuo/183.人和宙斯.mp3"
    },
    {
        "id": 184,
        "name": "184.惹事生非的人",
        "dataUrl": "/source/mp3/yisuo/184.惹事生非的人.mp3"
    },
    {
        "id": 185,
        "name": "185.生病的大鸦",
        "dataUrl": "/source/mp3/yisuo/185.生病的大鸦.mp3"
    },
    {
        "id": 186,
        "name": "186.捕鸟人和山鹑",
        "dataUrl": "/source/mp3/yisuo/186.捕鸟人和山鹑.mp3"
    },
    {
        "id": 187,
        "name": "187.山鹑和人",
        "dataUrl": "/source/mp3/yisuo/187.山鹑和人.mp3"
    },
    {
        "id": 188,
        "name": "188.神翠鸟",
        "dataUrl": "/source/mp3/yisuo/188.神翠鸟.mp3"
    },
    {
        "id": 189,
        "name": "189.守财奴",
        "dataUrl": "/source/mp3/yisuo/189.守财奴.mp3"
    },
    {
        "id": 190,
        "name": "190.蝮蛇和狐狸",
        "dataUrl": "/source/mp3/yisuo/190.蝮蛇和狐狸.mp3"
    },
    {
        "id": 191,
        "name": "191.说谎的人",
        "dataUrl": "/source/mp3/yisuo/191.说谎的人.mp3"
    },
    {
        "id": 192,
        "name": "192.杉树和荆棘",
        "dataUrl": "/source/mp3/yisuo/192.杉树和荆棘.mp3"
    },
    {
        "id": 193,
        "name": "193.狮子驴和狐狸",
        "dataUrl": "/source/mp3/yisuo/193.狮子驴和狐狸.mp3"
    },
    {
        "id": 194,
        "name": "194.蛇黄鼠狼和老鼠",
        "dataUrl": "/source/mp3/yisuo/194.蛇黄鼠狼和老鼠.mp3"
    },
    {
        "id": 195,
        "name": "195.射手和狮子",
        "dataUrl": "/source/mp3/yisuo/195.射手和狮子.mp3"
    },
    {
        "id": 196,
        "name": "196.蛇和蝎",
        "dataUrl": "/source/mp3/yisuo/196.蛇和蝎.mp3"
    },
    {
        "id": 197,
        "name": "197.狮子狼和狐狸",
        "dataUrl": "/source/mp3/yisuo/197.狮子狼和狐狸.mp3"
    },
    {
        "id": 198,
        "name": "198.石榴树、苹果树、橄榄树和荆棘",
        "dataUrl": "/source/mp3/yisuo/198.石榴树、苹果树、橄榄树和荆棘.mp3"
    },
    {
        "id": 199,
        "name": "199.竖琴弹唱人",
        "dataUrl": "/source/mp3/yisuo/199.竖琴弹唱人.mp3"
    },
    {
        "id": 200,
        "name": "200.杀人凶手",
        "dataUrl": "/source/mp3/yisuo/200.杀人凶手.mp3"
    }
]