[
    {
        "id": 251,
        "name": "251.渔夫和小狗鱼",
        "dataUrl": "/source/mp3/yisuo/251.渔夫和小狗鱼.mp3"
    },
    {
        "id": 252,
        "name": "252.渔夫和大鱼小鱼",
        "dataUrl": "/source/mp3/yisuo/252.渔夫和大鱼小鱼.mp3"
    },
    {
        "id": 253,
        "name": "253.渔夫们",
        "dataUrl": "/source/mp3/yisuo/253.渔夫们.mp3"
    },
    {
        "id": 254,
        "name": "254.养蜂人",
        "dataUrl": "/source/mp3/yisuo/254.养蜂人.mp3"
    },
    {
        "id": 255,
        "name": "255.婴孩和大鸦",
        "dataUrl": "/source/mp3/yisuo/255.婴孩和大鸦.mp3"
    },
    {
        "id": 256,
        "name": "256.鹰和狐狸",
        "dataUrl": "/source/mp3/yisuo/256.鹰和狐狸.mp3"
    },
    {
        "id": 257,
        "name": "257.鹰和狐狸",
        "dataUrl": "/source/mp3/yisuo/257.鹰和狐狸.mp3"
    },
    {
        "id": 258,
        "name": "258.鸢和蛇",
        "dataUrl": "/source/mp3/yisuo/258.鸢和蛇.mp3"
    },
    {
        "id": 259,
        "name": "259.鹰和屎壳郎",
        "dataUrl": "/source/mp3/yisuo/259.鹰和屎壳郎.mp3"
    },
    {
        "id": 260,
        "name": "260.野鹅和仙鹤",
        "dataUrl": "/source/mp3/yisuo/260.野鹅和仙鹤.mp3"
    },
    {
        "id": 261,
        "name": "261.夜鹰和燕子",
        "dataUrl": "/source/mp3/yisuo/261.夜鹰和燕子.mp3"
    },
    {
        "id": 262,
        "name": "262.野驴和家驴",
        "dataUrl": "/source/mp3/yisuo/262.野驴和家驴.mp3"
    },
    {
        "id": 263,
        "name": "263.鹰穴鸟和牧人",
        "dataUrl": "/source/mp3/yisuo/263.鹰穴鸟和牧人.mp3"
    },
    {
        "id": 264,
        "name": "264.有钱人和鞣皮匠",
        "dataUrl": "/source/mp3/yisuo/264.有钱人和鞣皮匠.mp3"
    },
    {
        "id": 265,
        "name": "265.阉人和祭司",
        "dataUrl": "/source/mp3/yisuo/265.阉人和祭司.mp3"
    },
    {
        "id": 266,
        "name": "266.医生和病人",
        "dataUrl": "/source/mp3/yisuo/266.医生和病人.mp3"
    },
    {
        "id": 267,
        "name": "267.鼹鼠和他的妈妈",
        "dataUrl": "/source/mp3/yisuo/267.鼹鼠和他的妈妈.mp3"
    },
    {
        "id": 268,
        "name": "268.演说家得马得斯",
        "dataUrl": "/source/mp3/yisuo/268.演说家得马得斯.mp3"
    },
    {
        "id": 269,
        "name": "269.伊索在造船厂",
        "dataUrl": "/source/mp3/yisuo/269.伊索在造船厂.mp3"
    },
    {
        "id": 270,
        "name": "270.野兔和狐狸",
        "dataUrl": "/source/mp3/yisuo/270.野兔和狐狸.mp3"
    },
    {
        "id": 271,
        "name": "271.野兔和狐狸",
        "dataUrl": "/source/mp3/yisuo/271.野兔和狐狸.mp3"
    },
    {
        "id": 272,
        "name": "272.野兔和青蛙",
        "dataUrl": "/source/mp3/yisuo/272.野兔和青蛙.mp3"
    },
    {
        "id": 273,
        "name": "273.鹦鹉和黄鼠狼",
        "dataUrl": "/source/mp3/yisuo/273.鹦鹉和黄鼠狼.mp3"
    },
    {
        "id": 274,
        "name": "274.幼蟹和母蟹",
        "dataUrl": "/source/mp3/yisuo/274.幼蟹和母蟹.mp3"
    },
    {
        "id": 275,
        "name": "275.夜鹰和鹰",
        "dataUrl": "/source/mp3/yisuo/275.夜鹰和鹰.mp3"
    },
    {
        "id": 276,
        "name": "276.野猪和狐狸",
        "dataUrl": "/source/mp3/yisuo/276.野猪和狐狸.mp3"
    },
    {
        "id": 277,
        "name": "277.燕子和鸟类",
        "dataUrl": "/source/mp3/yisuo/277.燕子和鸟类.mp3"
    },
    {
        "id": 278,
        "name": "278.燕子和蟒蛇",
        "dataUrl": "/source/mp3/yisuo/278.燕子和蟒蛇.mp3"
    },
    {
        "id": 279,
        "name": "279.燕子和乌鸦",
        "dataUrl": "/source/mp3/yisuo/279.燕子和乌鸦.mp3"
    },
    {
        "id": 280,
        "name": "280.野猪马和猎人",
        "dataUrl": "/source/mp3/yisuo/280.野猪马和猎人.mp3"
    },
    {
        "id": 281,
        "name": "281.自吹自擂的人",
        "dataUrl": "/source/mp3/yisuo/281.自吹自擂的人.mp3"
    },
    {
        "id": 282,
        "name": "282.崇奉西布莉女神的行乞僧",
        "dataUrl": "/source/mp3/yisuo/282.崇奉西布莉女神的行乞僧.mp3"
    },
    {
        "id": 283,
        "name": "283.丈夫和妻子",
        "dataUrl": "/source/mp3/yisuo/283.丈夫和妻子.mp3"
    },
    {
        "id": 284,
        "name": "284.猪和狗",
        "dataUrl": "/source/mp3/yisuo/284.猪和狗.mp3"
    },
    {
        "id": 285,
        "name": "285.在河里便溺的骆驼",
        "dataUrl": "/source/mp3/yisuo/285.在河里便溺的骆驼.mp3"
    },
    {
        "id": 286,
        "name": "286.中了箭的鹰",
        "dataUrl": "/source/mp3/yisuo/286.中了箭的鹰.mp3"
    },
    {
        "id": 287,
        "name": "287.做客的狗",
        "dataUrl": "/source/mp3/yisuo/287.做客的狗.mp3"
    },
    {
        "id": 288,
        "name": "288.嘴里衔肉的狗",
        "dataUrl": "/source/mp3/yisuo/288.嘴里衔肉的狗.mp3"
    },
    {
        "id": 289,
        "name": "289.中年男子和他的两个情妇",
        "dataUrl": "/source/mp3/yisuo/289.中年男子和他的两个情妇.mp3"
    },
    {
        "id": 290,
        "name": "290.占卜者",
        "dataUrl": "/source/mp3/yisuo/290.占卜者.mp3"
    },
    {
        "id": 291,
        "name": "291.赫耳墨斯和地神",
        "dataUrl": "/source/mp3/yisuo/291.赫耳墨斯和地神.mp3"
    },
    {
        "id": 292,
        "name": "292.黄蜂、山鹑和农夫",
        "dataUrl": "/source/mp3/yisuo/292.黄蜂、山鹑和农夫.mp3"
    },
    {
        "id": 293,
        "name": "293.黄峰和蛇",
        "dataUrl": "/source/mp3/yisuo/293.黄峰和蛇.mp3"
    },
    {
        "id": 294,
        "name": "294.河狸",
        "dataUrl": "/source/mp3/yisuo/294.河狸.mp3"
    },
    {
        "id": 295,
        "name": "295.狐狸和豹",
        "dataUrl": "/source/mp3/yisuo/295.狐狸和豹.mp3"
    },
    {
        "id": 296,
        "name": "296.狐狸和刺藤",
        "dataUrl": "/source/mp3/yisuo/296.狐狸和刺藤.mp3"
    },
    {
        "id": 297,
        "name": "297.狐狸和鳄鱼",
        "dataUrl": "/source/mp3/yisuo/297.狐狸和鳄鱼.mp3"
    },
    {
        "id": 298,
        "name": "298.狐狸和狗",
        "dataUrl": "/source/mp3/yisuo/298.狐狸和狗.mp3"
    },
    {
        "id": 299,
        "name": "299.狐狸和公山羊",
        "dataUrl": "/source/mp3/yisuo/299.狐狸和公山羊.mp3"
    },
    {
        "id": 300,
        "name": "300.狐狸和猴子",
        "dataUrl": "/source/mp3/yisuo/300.狐狸和猴子.mp3"
    }
]