[
    {
        "id": 51,
        "name": "051奇怪的姓氏",
        "dataUrl": "/source/mp3/gelin/051奇怪的姓氏.mp3"
    },
    {
        "id": 52,
        "name": "052科本斯先生",
        "dataUrl": "/source/mp3/gelin/052科本斯先生.mp3"
    },
    {
        "id": 53,
        "name": "053勇敢的王子",
        "dataUrl": "/source/mp3/gelin/053勇敢的王子.mp3"
    },
    {
        "id": 54,
        "name": "054小傻瓜",
        "dataUrl": "/source/mp3/gelin/054小傻瓜.mp3"
    },
    {
        "id": 55,
        "name": "055无赖",
        "dataUrl": "/source/mp3/gelin/055无赖.mp3"
    },
    {
        "id": 56,
        "name": "056死了都在犟的孩子",
        "dataUrl": "/source/mp3/gelin/056死了都在犟的孩子.mp3"
    },
    {
        "id": 57,
        "name": "057世界上最傻的傻瓜",
        "dataUrl": "/source/mp3/gelin/057世界上最傻的傻瓜.mp3"
    },
    {
        "id": 58,
        "name": "058神奇的小锅",
        "dataUrl": "/source/mp3/gelin/058神奇的小锅.mp3"
    },
    {
        "id": 59,
        "name": "059上帝的恩赐和惩罚",
        "dataUrl": "/source/mp3/gelin/059上帝的恩赐和惩罚.mp3"
    },
    {
        "id": 60,
        "name": "060女水妖",
        "dataUrl": "/source/mp3/gelin/060女水妖.mp3"
    },
    {
        "id": 61,
        "name": "061泪水打湿的寿衣",
        "dataUrl": "/source/mp3/gelin/061泪水打湿的寿衣.mp3"
    },
    {
        "id": 62,
        "name": "062狡猾的狐狸",
        "dataUrl": "/source/mp3/gelin/062狡猾的狐狸.mp3"
    },
    {
        "id": 63,
        "name": "063野莴苣",
        "dataUrl": "/source/mp3/gelin/063野莴苣.mp3"
    },
    {
        "id": 64,
        "name": "064技艺高超的猎人",
        "dataUrl": "/source/mp3/gelin/064技艺高超的猎人.mp3"
    },
    {
        "id": 65,
        "name": "065饥饿的狐狸和聪明的鹅群",
        "dataUrl": "/source/mp3/gelin/065饥饿的狐狸和聪明的鹅群.mp3"
    },
    {
        "id": 66,
        "name": "066狐狸是怎样摆脱狼的",
        "dataUrl": "/source/mp3/gelin/066狐狸是怎样摆脱狼的.mp3"
    },
    {
        "id": 67,
        "name": "067裁缝的报应",
        "dataUrl": "/source/mp3/gelin/067裁缝的报应.mp3"
    },
    {
        "id": 68,
        "name": "068傲慢的狐狸",
        "dataUrl": "/source/mp3/gelin/068傲慢的狐狸.mp3"
    },
    {
        "id": 69,
        "name": "069猫头鹰",
        "dataUrl": "/source/mp3/gelin/069猫头鹰.mp3"
    },
    {
        "id": 70,
        "name": "070萝卜",
        "dataUrl": "/source/mp3/gelin/070萝卜.mp3"
    },
    {
        "id": 71,
        "name": "071聪明的小裁缝",
        "dataUrl": "/source/mp3/gelin/071聪明的小裁缝.mp3"
    },
    {
        "id": 72,
        "name": "072聪明的狐狸",
        "dataUrl": "/source/mp3/gelin/072聪明的狐狸.mp3"
    },
    {
        "id": 73,
        "name": "073兔子和刺猬赛跑",
        "dataUrl": "/source/mp3/gelin/073兔子和刺猬赛跑.mp3"
    },
    {
        "id": 74,
        "name": "074月亮",
        "dataUrl": "/source/mp3/gelin/074月亮.mp3"
    },
    {
        "id": 75,
        "name": "075聪明的家仆",
        "dataUrl": "/source/mp3/gelin/075聪明的家仆.mp3"
    },
    {
        "id": 76,
        "name": "076寿命",
        "dataUrl": "/source/mp3/gelin/076寿命.mp3"
    },
    {
        "id": 77,
        "name": "077夏娃的孩子",
        "dataUrl": "/source/mp3/gelin/077夏娃的孩子.mp3"
    },
    {
        "id": 78,
        "name": "078巨人和裁缝",
        "dataUrl": "/source/mp3/gelin/078巨人和裁缝.mp3"
    },
    {
        "id": 79,
        "name": "079偷藏的两分钱币",
        "dataUrl": "/source/mp3/gelin/079偷藏的两分钱币.mp3"
    },
    {
        "id": 80,
        "name": "080纺锤梭子和缝衣针",
        "dataUrl": "/source/mp3/gelin/080纺锤梭子和缝衣针.mp3"
    },
    {
        "id": 81,
        "name": "081特露德夫人",
        "dataUrl": "/source/mp3/gelin/081特露德夫人.mp3"
    },
    {
        "id": 82,
        "name": "082玻璃棺材",
        "dataUrl": "/source/mp3/gelin/082玻璃棺材.mp3"
    },
    {
        "id": 83,
        "name": "083返老还童",
        "dataUrl": "/source/mp3/gelin/083返老还童.mp3"
    },
    {
        "id": 84,
        "name": "084懒人海因茨",
        "dataUrl": "/source/mp3/gelin/084懒人海因茨.mp3"
    },
    {
        "id": 85,
        "name": "085老麻雀和他的四个孩子",
        "dataUrl": "/source/mp3/gelin/085老麻雀和他的四个孩子.mp3"
    },
    {
        "id": 86,
        "name": "086七只乌鸦",
        "dataUrl": "/source/mp3/gelin/086七只乌鸦.mp3"
    },
    {
        "id": 87,
        "name": "087非切尔的鸟",
        "dataUrl": "/source/mp3/gelin/087非切尔的鸟.mp3"
    },
    {
        "id": 88,
        "name": "088三张蛇叶",
        "dataUrl": "/source/mp3/gelin/088三张蛇叶.mp3"
    },
    {
        "id": 89,
        "name": "089榛子树",
        "dataUrl": "/source/mp3/gelin/089榛子树.mp3"
    },
    {
        "id": 90,
        "name": "090白雪公主",
        "dataUrl": "/source/mp3/gelin/090白雪公主.mp3"
    },
    {
        "id": 91,
        "name": "091天堂婚礼",
        "dataUrl": "/source/mp3/gelin/091天堂婚礼.mp3"
    },
    {
        "id": 92,
        "name": "092上帝的动物和魔鬼的动物",
        "dataUrl": "/source/mp3/gelin/092上帝的动物和魔鬼的动物.mp3"
    },
    {
        "id": 93,
        "name": "093拾来鸟",
        "dataUrl": "/source/mp3/gelin/093拾来鸟.mp3"
    },
    {
        "id": 94,
        "name": "094会唱歌的骨头",
        "dataUrl": "/source/mp3/gelin/094会唱歌的骨头.mp3"
    },
    {
        "id": 95,
        "name": "095傻小子学害怕",
        "dataUrl": "/source/mp3/gelin/095傻小子学害怕.mp3"
    },
    {
        "id": 96,
        "name": "096风雪婆婆",
        "dataUrl": "/source/mp3/gelin/096风雪婆婆.mp3"
    },
    {
        "id": 97,
        "name": "097玻璃瓶中的妖怪",
        "dataUrl": "/source/mp3/gelin/097玻璃瓶中的妖怪.mp3"
    },
    {
        "id": 98,
        "name": "098白蛇",
        "dataUrl": "/source/mp3/gelin/098白蛇.mp3"
    },
    {
        "id": 99,
        "name": "099金山王",
        "dataUrl": "/source/mp3/gelin/099金山王.mp3"
    },
    {
        "id": 100,
        "name": "100蓝光灯",
        "dataUrl": "/source/mp3/gelin/100蓝光灯.mp3"
    }
]