[
    {
        "id": 151,
        "name": "151聪明的艾尔莎",
        "dataUrl": "/source/mp3/gelin/151聪明的艾尔莎.mp3"
    },
    {
        "id": 152,
        "name": "152狗和麻雀",
        "dataUrl": "/source/mp3/gelin/152狗和麻雀.mp3"
    },
    {
        "id": 153,
        "name": "153小精灵",
        "dataUrl": "/source/mp3/gelin/153小精灵.mp3"
    },
    {
        "id": 154,
        "name": "154强盗未婚夫",
        "dataUrl": "/source/mp3/gelin/154强盗未婚夫.mp3"
    },
    {
        "id": 155,
        "name": "155狐狸太太的婚礼",
        "dataUrl": "/source/mp3/gelin/155狐狸太太的婚礼.mp3"
    },
    {
        "id": 156,
        "name": "156狼和七只小山羊",
        "dataUrl": "/source/mp3/gelin/156狼和七只小山羊.mp3"
    },
    {
        "id": 157,
        "name": "157魔鬼头上的三根金发",
        "dataUrl": "/source/mp3/gelin/157魔鬼头上的三根金发.mp3"
    },
    {
        "id": 158,
        "name": "158魔包，魔帽和魔喇叭",
        "dataUrl": "/source/mp3/gelin/158魔包，魔帽和魔喇叭.mp3"
    },
    {
        "id": 159,
        "name": "159十二个门徒",
        "dataUrl": "/source/mp3/gelin/159十二个门徒.mp3"
    },
    {
        "id": 160,
        "name": "160汉斯成亲",
        "dataUrl": "/source/mp3/gelin/160汉斯成亲.mp3"
    },
    {
        "id": 161,
        "name": "161祖父和孙子",
        "dataUrl": "/source/mp3/gelin/161祖父和孙子.mp3"
    },
    {
        "id": 162,
        "name": "162忠实的费迪南和不忠实的费迪",
        "dataUrl": "/source/mp3/gelin/162忠实的费迪南和不忠实的费迪.mp3"
    },
    {
        "id": 163,
        "name": "163约丽丹和约会雷德尔",
        "dataUrl": "/source/mp3/gelin/163约丽丹和约会雷德尔.mp3"
    },
    {
        "id": 164,
        "name": "164小母鸡之死",
        "dataUrl": "/source/mp3/gelin/164小母鸡之死.mp3"
    },
    {
        "id": 165,
        "name": "165小巨人",
        "dataUrl": "/source/mp3/gelin/165小巨人.mp3"
    },
    {
        "id": 166,
        "name": "166贪吃的格雷特",
        "dataUrl": "/source/mp3/gelin/166贪吃的格雷特.mp3"
    },
    {
        "id": 167,
        "name": "167鸟兽大战",
        "dataUrl": "/source/mp3/gelin/167鸟兽大战.mp3"
    },
    {
        "id": 168,
        "name": "168狼的教训",
        "dataUrl": "/source/mp3/gelin/168狼的教训.mp3"
    },
    {
        "id": 169,
        "name": "169懒纺妇",
        "dataUrl": "/source/mp3/gelin/169懒纺妇.mp3"
    },
    {
        "id": 170,
        "name": "170来自天堂的打谷棒",
        "dataUrl": "/source/mp3/gelin/170来自天堂的打谷棒.mp3"
    },
    {
        "id": 171,
        "name": "171十二个猎人",
        "dataUrl": "/source/mp3/gelin/171十二个猎人.mp3"
    },
    {
        "id": 172,
        "name": "172金娃娃",
        "dataUrl": "/source/mp3/gelin/172金娃娃.mp3"
    },
    {
        "id": 173,
        "name": "173国王和王后",
        "dataUrl": "/source/mp3/gelin/173国王和王后.mp3"
    },
    {
        "id": 174,
        "name": "174独眼，两只眼和在只眼",
        "dataUrl": "/source/mp3/gelin/174独眼，两只眼和在只眼.mp3"
    },
    {
        "id": 175,
        "name": "175杜松树的故事",
        "dataUrl": "/source/mp3/gelin/175杜松树的故事.mp3"
    },
    {
        "id": 176,
        "name": "176十二个懒仆",
        "dataUrl": "/source/mp3/gelin/176十二个懒仆.mp3"
    },
    {
        "id": 177,
        "name": "177勇敢强健的汉斯",
        "dataUrl": "/source/mp3/gelin/177勇敢强健的汉斯.mp3"
    },
    {
        "id": 178,
        "name": "178小红帽",
        "dataUrl": "/source/mp3/gelin/178小红帽.mp3"
    },
    {
        "id": 179,
        "name": "179鼓手",
        "dataUrl": "/source/mp3/gelin/179鼓手.mp3"
    },
    {
        "id": 180,
        "name": "180兄弟俩",
        "dataUrl": "/source/mp3/gelin/180兄弟俩.mp3"
    },
    {
        "id": 181,
        "name": "181拇指孩儿漫游记",
        "dataUrl": "/source/mp3/gelin/181拇指孩儿漫游记.mp3"
    },
    {
        "id": 182,
        "name": "182桌子，驴子，棍子",
        "dataUrl": "/source/mp3/gelin/182桌子，驴子，棍子.mp3"
    },
    {
        "id": 183,
        "name": "183没有手的姑娘",
        "dataUrl": "/source/mp3/gelin/183没有手的姑娘.mp3"
    },
    {
        "id": 184,
        "name": "184弗雷特尔和小卡特丽丝",
        "dataUrl": "/source/mp3/gelin/184弗雷特尔和小卡特丽丝.mp3"
    },
    {
        "id": 185,
        "name": "185勇敢的小裁缝",
        "dataUrl": "/source/mp3/gelin/185勇敢的小裁缝.mp3"
    },
    {
        "id": 186,
        "name": "186金鸟",
        "dataUrl": "/source/mp3/gelin/186金鸟.mp3"
    },
    {
        "id": 187,
        "name": "187真正的新娘",
        "dataUrl": "/source/mp3/gelin/187真正的新娘.mp3"
    },
    {
        "id": 188,
        "name": "188鞋匠师傅",
        "dataUrl": "/source/mp3/gelin/188鞋匠师傅.mp3"
    },
    {
        "id": 189,
        "name": "189坟丘",
        "dataUrl": "/source/mp3/gelin/189坟丘.mp3"
    },
    {
        "id": 190,
        "name": "190水晶玻璃球",
        "dataUrl": "/source/mp3/gelin/190水晶玻璃球.mp3"
    },
    {
        "id": 191,
        "name": "191贼王",
        "dataUrl": "/source/mp3/gelin/191贼王.mp3"
    },
    {
        "id": 192,
        "name": "192三只小鸟",
        "dataUrl": "/source/mp3/gelin/192三只小鸟.mp3"
    }
]