[
      {
        "url": "/www/onlineListen/index.html?audioType=chengYu",
        "src": "",
        "cardType": "navigation",
        "icon": "/source/svg/cheng.yu.blue.svg",
        "name": "成语故事",
        "desc": "收集的成语故事大全-共401个成语"
      },
  {
    "url": "/www/onlineListen/index.html?audioType=sqgs",
    "src": "",
    "cardType": "navigation",
    "icon": "/source/svg/shui.qian.gu.shi.svg",
    "name": "睡前故事",
    "desc": "收集的睡前故事大全-上下两册"
  },

  {
    "url": "/www/onlineListen/index.html?audioType=yiSuo",
    "src": "",
    "cardType": "navigation",
    "icon": "/source/svg/yu.yan.blue.svg",
    "name": "伊索寓言故事",
    "desc": "收集的伊索寓言故事-共350个"
  },

  {
    "url": "/www/onlineListen/index.html?audioType=geLin",
    "src": "",
    "cardType": "navigation",
    "icon": "/source/svg/yu.yan.blue.svg",
    "name": "格林童话故事",
    "desc": "格林童话故事-共192个"
  },



  {
    "url": "/www/onlineListen/index.html?audioType=36ji",
    "src": "",
    "cardType": "navigation",
    "icon": "/source/svg/yizhi.blue.svg",
    "name": "儿童版三十六计",
    "desc": "《三十六计》是一部中国古代兵书，由三十六个兵法策略组成，包括胜战计、敌战计、攻战计、混战计、并战计、败战计六套计谋"
  },


  {
    "url": "/www/onlineListen/index.html?audioType=moZhaTe",
    "src": "",
    "cardType": "navigation",
    "icon": "/source/svg/yin.fu.blue.svg",
    "name": "莫扎特音乐收集",
    "desc": "莫扎特效应：聆听莫扎特的音乐能够在一定程度上提升人的认知能力"
  }
]