[
    {
        "id": 101,
        "name": "101两个旅行家",
        "dataUrl": "/source/mp3/gelin/101两个旅行家.mp3"
    },
    {
        "id": 102,
        "name": "102六个人走遍天下",
        "dataUrl": "/source/mp3/gelin/102六个人走遍天下.mp3"
    },
    {
        "id": 103,
        "name": "103千皮兽",
        "dataUrl": "/source/mp3/gelin/103千皮兽.mp3"
    },
    {
        "id": 104,
        "name": "104三个军医",
        "dataUrl": "/source/mp3/gelin/104三个军医.mp3"
    },
    {
        "id": 105,
        "name": "105三个幸运儿",
        "dataUrl": "/source/mp3/gelin/105三个幸运儿.mp3"
    },
    {
        "id": 106,
        "name": "106六只天鹅",
        "dataUrl": "/source/mp3/gelin/106六只天鹅.mp3"
    },
    {
        "id": 107,
        "name": "107土地神",
        "dataUrl": "/source/mp3/gelin/107土地神.mp3"
    },
    {
        "id": 108,
        "name": "108万事通医生",
        "dataUrl": "/source/mp3/gelin/108万事通医生.mp3"
    },
    {
        "id": 109,
        "name": "109王子和小公主",
        "dataUrl": "/source/mp3/gelin/109王子和小公主.mp3"
    },
    {
        "id": 110,
        "name": "110乌鸦",
        "dataUrl": "/source/mp3/gelin/110乌鸦.mp3"
    },
    {
        "id": 111,
        "name": "111逍遥自在的人",
        "dataUrl": "/source/mp3/gelin/111逍遥自在的人.mp3"
    },
    {
        "id": 112,
        "name": "112小偷和他的师傅",
        "dataUrl": "/source/mp3/gelin/112小偷和他的师傅.mp3"
    },
    {
        "id": 113,
        "name": "113幸运儿",
        "dataUrl": "/source/mp3/gelin/113幸运儿.mp3"
    },
    {
        "id": 114,
        "name": "114熊皮人",
        "dataUrl": "/source/mp3/gelin/114熊皮人.mp3"
    },
    {
        "id": 115,
        "name": "115放鹅姑娘",
        "dataUrl": "/source/mp3/gelin/115放鹅姑娘.mp3"
    },
    {
        "id": 116,
        "name": "116紫丁香",
        "dataUrl": "/source/mp3/gelin/116紫丁香.mp3"
    },
    {
        "id": 117,
        "name": "117傻瓜汉斯和小花猫",
        "dataUrl": "/source/mp3/gelin/117傻瓜汉斯和小花猫.mp3"
    },
    {
        "id": 118,
        "name": "118少女和狮子",
        "dataUrl": "/source/mp3/gelin/118少女和狮子.mp3"
    },
    {
        "id": 119,
        "name": "119圣母瓶",
        "dataUrl": "/source/mp3/gelin/119圣母瓶.mp3"
    },
    {
        "id": 120,
        "name": "120小海兔",
        "dataUrl": "/source/mp3/gelin/120小海兔.mp3"
    },
    {
        "id": 121,
        "name": "121渔夫和他的妻子",
        "dataUrl": "/source/mp3/gelin/121渔夫和他的妻子.mp3"
    },
    {
        "id": 122,
        "name": "122十二兄弟",
        "dataUrl": "/source/mp3/gelin/122十二兄弟.mp3"
    },
    {
        "id": 123,
        "name": "123不列梅城的音乐家",
        "dataUrl": "/source/mp3/gelin/123不列梅城的音乐家.mp3"
    },
    {
        "id": 124,
        "name": "124生命之水",
        "dataUrl": "/source/mp3/gelin/124生命之水.mp3"
    },
    {
        "id": 125,
        "name": "125贫穷和屈辱可以使人上天堂",
        "dataUrl": "/source/mp3/gelin/125贫穷和屈辱可以使人上天堂.mp3"
    },
    {
        "id": 126,
        "name": "126上帝的赐餐",
        "dataUrl": "/source/mp3/gelin/126上帝的赐餐.mp3"
    },
    {
        "id": 127,
        "name": "127三根绿树枝",
        "dataUrl": "/source/mp3/gelin/127三根绿树枝.mp3"
    },
    {
        "id": 128,
        "name": "128老妈妈",
        "dataUrl": "/source/mp3/gelin/128老妈妈.mp3"
    },
    {
        "id": 129,
        "name": "129水牛皮靴子",
        "dataUrl": "/source/mp3/gelin/129水牛皮靴子.mp3"
    },
    {
        "id": 130,
        "name": "130池塘水妖",
        "dataUrl": "/source/mp3/gelin/130池塘水妖.mp3"
    },
    {
        "id": 131,
        "name": "131坟墓中的穷孩子",
        "dataUrl": "/source/mp3/gelin/131坟墓中的穷孩子.mp3"
    },
    {
        "id": 132,
        "name": "132忠实的约翰尼斯",
        "dataUrl": "/source/mp3/gelin/132忠实的约翰尼斯.mp3"
    },
    {
        "id": 133,
        "name": "133森林里的小屋",
        "dataUrl": "/source/mp3/gelin/133森林里的小屋.mp3"
    },
    {
        "id": 134,
        "name": "134教父先生",
        "dataUrl": "/source/mp3/gelin/134教父先生.mp3"
    },
    {
        "id": 135,
        "name": "135老苏坦",
        "dataUrl": "/source/mp3/gelin/135老苏坦.mp3"
    },
    {
        "id": 136,
        "name": "136死神教父",
        "dataUrl": "/source/mp3/gelin/136死神教父.mp3"
    },
    {
        "id": 137,
        "name": "137篱笆王",
        "dataUrl": "/source/mp3/gelin/137篱笆王.mp3"
    },
    {
        "id": 138,
        "name": "138森林中的圣者约瑟夫",
        "dataUrl": "/source/mp3/gelin/138森林中的圣者约瑟夫.mp3"
    },
    {
        "id": 139,
        "name": "139大拇指",
        "dataUrl": "/source/mp3/gelin/139大拇指.mp3"
    },
    {
        "id": 140,
        "name": "140谜语",
        "dataUrl": "/source/mp3/gelin/140谜语.mp3"
    },
    {
        "id": 141,
        "name": "141玛林姑娘",
        "dataUrl": "/source/mp3/gelin/141玛林姑娘.mp3"
    },
    {
        "id": 142,
        "name": "142小矮人的礼物",
        "dataUrl": "/source/mp3/gelin/142小矮人的礼物.mp3"
    },
    {
        "id": 143,
        "name": "143老林克兰克",
        "dataUrl": "/source/mp3/gelin/143老林克兰克.mp3"
    },
    {
        "id": 144,
        "name": "144恋人罗兰",
        "dataUrl": "/source/mp3/gelin/144恋人罗兰.mp3"
    },
    {
        "id": 145,
        "name": "145一笔好交易",
        "dataUrl": "/source/mp3/gelin/145一笔好交易.mp3"
    },
    {
        "id": 146,
        "name": "146小虱子和小跳蚤",
        "dataUrl": "/source/mp3/gelin/146小虱子和小跳蚤.mp3"
    },
    {
        "id": 147,
        "name": "147裁缝在天国",
        "dataUrl": "/source/mp3/gelin/147裁缝在天国.mp3"
    },
    {
        "id": 148,
        "name": "148汉赛尔和格雷特尔",
        "dataUrl": "/source/mp3/gelin/148汉赛尔和格雷特尔.mp3"
    },
    {
        "id": 149,
        "name": "149聪明的汉斯",
        "dataUrl": "/source/mp3/gelin/149聪明的汉斯.mp3"
    },
    {
        "id": 150,
        "name": "150三种语言",
        "dataUrl": "/source/mp3/gelin/150三种语言.mp3"
    }
]