[
    {
        "id": 51,
        "name": "051.狗和海螺",
        "dataUrl": "/source/mp3/yisuo/051.狗和海螺.mp3"
    },
    {
        "id": 52,
        "name": "052.狗和肉贩",
        "dataUrl": "/source/mp3/yisuo/052.狗和肉贩.mp3"
    },
    {
        "id": 53,
        "name": "053.狗公鸡和狐狸",
        "dataUrl": "/source/mp3/yisuo/053.狗公鸡和狐狸.mp3"
    },
    {
        "id": 54,
        "name": "054.公鸡和山鹑",
        "dataUrl": "/source/mp3/yisuo/054.公鸡和山鹑.mp3"
    },
    {
        "id": 55,
        "name": "055.公鸡和鹰",
        "dataUrl": "/source/mp3/yisuo/055.公鸡和鹰.mp3"
    },
    {
        "id": 56,
        "name": "056.公牛和野山羊",
        "dataUrl": "/source/mp3/yisuo/056.公牛和野山羊.mp3"
    },
    {
        "id": 57,
        "name": "057.捕鸟人和冠雀",
        "dataUrl": "/source/mp3/yisuo/057.捕鸟人和冠雀.mp3"
    },
    {
        "id": 58,
        "name": "058.冠雀",
        "dataUrl": "/source/mp3/yisuo/058.冠雀.mp3"
    },
    {
        "id": 59,
        "name": "059.鸽子和乌鸦",
        "dataUrl": "/source/mp3/yisuo/059.鸽子和乌鸦.mp3"
    },
    {
        "id": 60,
        "name": "060.号兵",
        "dataUrl": "/source/mp3/yisuo/060.号兵.mp3"
    },
    {
        "id": 61,
        "name": "061.狐狸和巨蟒",
        "dataUrl": "/source/mp3/yisuo/061.狐狸和巨蟒.mp3"
    },
    {
        "id": 62,
        "name": "062.狐狸和面具",
        "dataUrl": "/source/mp3/yisuo/062.狐狸和面具.mp3"
    },
    {
        "id": 63,
        "name": "063.狐狸和葡萄",
        "dataUrl": "/source/mp3/yisuo/063.狐狸和葡萄.mp3"
    },
    {
        "id": 64,
        "name": "064.赫拉克勒斯和普路托",
        "dataUrl": "/source/mp3/yisuo/064.赫拉克勒斯和普路托.mp3"
    },
    {
        "id": 65,
        "name": "065.捕鸟人和冠雀",
        "dataUrl": "/source/mp3/yisuo/065.捕鸟人和冠雀.mp3"
    },
    {
        "id": 66,
        "name": "066.海鸥和鸢",
        "dataUrl": "/source/mp3/yisuo/066.海鸥和鸢.mp3"
    },
    {
        "id": 67,
        "name": "067.河和皮革",
        "dataUrl": "/source/mp3/yisuo/067.河和皮革.mp3"
    },
    {
        "id": 68,
        "name": "068.红鹊和蝙蝠",
        "dataUrl": "/source/mp3/yisuo/068.红鹊和蝙蝠.mp3"
    },
    {
        "id": 69,
        "name": "069.黑人",
        "dataUrl": "/source/mp3/yisuo/069.黑人.mp3"
    },
    {
        "id": 70,
        "name": "070.好事和坏事",
        "dataUrl": "/source/mp3/yisuo/070.好事和坏事.mp3"
    },
    {
        "id": 71,
        "name": "071.黄鼠狼和阿佛洛狄特",
        "dataUrl": "/source/mp3/yisuo/071.黄鼠狼和阿佛洛狄特.mp3"
    },
    {
        "id": 72,
        "name": "072.黄鼠狼和锉刀",
        "dataUrl": "/source/mp3/yisuo/072.黄鼠狼和锉刀.mp3"
    },
    {
        "id": 73,
        "name": "073.毁坏神像的人",
        "dataUrl": "/source/mp3/yisuo/073.毁坏神像的人.mp3"
    },
    {
        "id": 74,
        "name": "074.核桃树",
        "dataUrl": "/source/mp3/yisuo/074.核桃树.mp3"
    },
    {
        "id": 75,
        "name": "075.航海者",
        "dataUrl": "/source/mp3/yisuo/075.航海者.mp3"
    },
    {
        "id": 76,
        "name": "076.猴子和骆驼",
        "dataUrl": "/source/mp3/yisuo/076.猴子和骆驼.mp3"
    },
    {
        "id": 77,
        "name": "077.猴子和海豚",
        "dataUrl": "/source/mp3/yisuo/077.猴子和海豚.mp3"
    },
    {
        "id": 78,
        "name": "078.猴子和渔夫",
        "dataUrl": "/source/mp3/yisuo/078.猴子和渔夫.mp3"
    },
    {
        "id": 79,
        "name": "079.浇菜的种园人",
        "dataUrl": "/source/mp3/yisuo/079.浇菜的种园人.mp3"
    },
    {
        "id": 80,
        "name": "080.金枪鱼和海豚",
        "dataUrl": "/source/mp3/yisuo/080.金枪鱼和海豚.mp3"
    },
    {
        "id": 81,
        "name": "081.系铃锁的狗",
        "dataUrl": "/source/mp3/yisuo/081.系铃锁的狗.mp3"
    },
    {
        "id": 82,
        "name": "082.口渴的鸽子",
        "dataUrl": "/source/mp3/yisuo/082.口渴的鸽子.mp3"
    },
    {
        "id": 83,
        "name": "083.孔雀和白鹤",
        "dataUrl": "/source/mp3/yisuo/083.孔雀和白鹤.mp3"
    },
    {
        "id": 84,
        "name": "084.孔雀和穴鸟",
        "dataUrl": "/source/mp3/yisuo/084.孔雀和穴鸟.mp3"
    },
    {
        "id": 85,
        "name": "085.蝰蛇和锉刀",
        "dataUrl": "/source/mp3/yisuo/085.蝰蛇和锉刀.mp3"
    },
    {
        "id": 86,
        "name": "086.蝰蛇和水蛇",
        "dataUrl": "/source/mp3/yisuo/086.蝰蛇和水蛇.mp3"
    },
    {
        "id": 87,
        "name": "087.米安德河边的狐狸",
        "dataUrl": "/source/mp3/yisuo/087.米安德河边的狐狸.mp3"
    },
    {
        "id": 88,
        "name": "088.驴大鸦和狼",
        "dataUrl": "/source/mp3/yisuo/088.驴大鸦和狼.mp3"
    },
    {
        "id": 89,
        "name": "089.老妇和医生",
        "dataUrl": "/source/mp3/yisuo/089.老妇和医生.mp3"
    },
    {
        "id": 90,
        "name": "090.鬣狗",
        "dataUrl": "/source/mp3/yisuo/090.鬣狗.mp3"
    },
    {
        "id": 91,
        "name": "091.两个仇敌",
        "dataUrl": "/source/mp3/yisuo/091.两个仇敌.mp3"
    },
    {
        "id": 92,
        "name": "092.猎狗和家犬",
        "dataUrl": "/source/mp3/yisuo/092.猎狗和家犬.mp3"
    },
    {
        "id": 93,
        "name": "093.猎狗和狐狸",
        "dataUrl": "/source/mp3/yisuo/093.猎狗和狐狸.mp3"
    },
    {
        "id": 94,
        "name": "094.猎狗和狐狸",
        "dataUrl": "/source/mp3/yisuo/094.猎狗和狐狸.mp3"
    },
    {
        "id": 95,
        "name": "095.猎狗和野兔",
        "dataUrl": "/source/mp3/yisuo/095.猎狗和野兔.mp3"
    },
    {
        "id": 96,
        "name": "096.两个为神争名位的人",
        "dataUrl": "/source/mp3/yisuo/096.两个为神争名位的人.mp3"
    },
    {
        "id": 97,
        "name": "097.两个为神争名位的人",
        "dataUrl": "/source/mp3/yisuo/097.两个为神争名位的人.mp3"
    },
    {
        "id": 98,
        "name": "098.两个小猴子",
        "dataUrl": "/source/mp3/yisuo/098.两个小猴子.mp3"
    },
    {
        "id": 99,
        "name": "099.驴和哈巴狗",
        "dataUrl": "/source/mp3/yisuo/099.驴和哈巴狗.mp3"
    },
    {
        "id": 100,
        "name": "100.驴和蝉",
        "dataUrl": "/source/mp3/yisuo/100.驴和蝉.mp3"
    }
]