[
    {
        "id": 301,
        "name": "301.狐狸和猴子",
        "dataUrl": "/source/mp3/yisuo/301.狐狸和猴子.mp3"
    },
    {
        "id": 302,
        "name": "302.狐狸和伐木人",
        "dataUrl": "/source/mp3/yisuo/302.狐狸和伐木人.mp3"
    },
    {
        "id": 303,
        "name": "303.狼和羊",
        "dataUrl": "/source/mp3/yisuo/303.狼和羊.mp3"
    },
    {
        "id": 304,
        "name": "304.驴和种园人",
        "dataUrl": "/source/mp3/yisuo/304.驴和种园人.mp3"
    },
    {
        "id": 305,
        "name": "305.驴公鸡和狮子",
        "dataUrl": "/source/mp3/yisuo/305.驴公鸡和狮子.mp3"
    },
    {
        "id": 306,
        "name": "306.老马",
        "dataUrl": "/source/mp3/yisuo/306.老马.mp3"
    },
    {
        "id": 307,
        "name": "307.狼绵羊和公羊",
        "dataUrl": "/source/mp3/yisuo/307.狼绵羊和公羊.mp3"
    },
    {
        "id": 308,
        "name": "308.旅人和斧子",
        "dataUrl": "/source/mp3/yisuo/308.旅人和斧子.mp3"
    },
    {
        "id": 309,
        "name": "309.旅人和枯树枝",
        "dataUrl": "/source/mp3/yisuo/309.旅人和枯树枝.mp3"
    },
    {
        "id": 310,
        "name": "310.旅人和阔叶树",
        "dataUrl": "/source/mp3/yisuo/310.旅人和阔叶树.mp3"
    },
    {
        "id": 311,
        "name": "311.旅人和名叫“实话”的女子",
        "dataUrl": "/source/mp3/yisuo/311.旅人和名叫“实话”的女子.mp3"
    },
    {
        "id": 312,
        "name": "312.旅人和赫耳墨斯",
        "dataUrl": "/source/mp3/yisuo/312.旅人和赫耳墨斯.mp3"
    },
    {
        "id": 313,
        "name": "313.螃蟹和狐狸",
        "dataUrl": "/source/mp3/yisuo/313.螃蟹和狐狸.mp3"
    },
    {
        "id": 314,
        "name": "314.披着狮皮的驴和狐狸",
        "dataUrl": "/source/mp3/yisuo/314.披着狮皮的驴和狐狸.mp3"
    },
    {
        "id": 315,
        "name": "315.墙壁和木钉",
        "dataUrl": "/source/mp3/yisuo/315.墙壁和木钉.mp3"
    },
    {
        "id": 316,
        "name": "316.强盗和桑树",
        "dataUrl": "/source/mp3/yisuo/316.强盗和桑树.mp3"
    },
    {
        "id": 317,
        "name": "317.樵夫和橡树",
        "dataUrl": "/source/mp3/yisuo/317.樵夫和橡树.mp3"
    },
    {
        "id": 318,
        "name": "318.樵夫和赫耳墨斯",
        "dataUrl": "/source/mp3/yisuo/318.樵夫和赫耳墨斯.mp3"
    },
    {
        "id": 319,
        "name": "319.乞灵于宙斯的驴",
        "dataUrl": "/source/mp3/yisuo/319.乞灵于宙斯的驴.mp3"
    },
    {
        "id": 320,
        "name": "320.青蛙医生和狐狸",
        "dataUrl": "/source/mp3/yisuo/320.青蛙医生和狐狸.mp3"
    },
    {
        "id": 321,
        "name": "321.青蛙吁求国王",
        "dataUrl": "/source/mp3/yisuo/321.青蛙吁求国王.mp3"
    },
    {
        "id": 322,
        "name": "322.人和狐狸",
        "dataUrl": "/source/mp3/yisuo/322.人和狐狸.mp3"
    },
    {
        "id": 323,
        "name": "323.铁匠和他的小狗",
        "dataUrl": "/source/mp3/yisuo/323.铁匠和他的小狗.mp3"
    },
    {
        "id": 324,
        "name": "324.田鼠和家鼠",
        "dataUrl": "/source/mp3/yisuo/324.田鼠和家鼠.mp3"
    },
    {
        "id": 325,
        "name": "325.驮神像的驴",
        "dataUrl": "/source/mp3/yisuo/325.驮神像的驴.mp3"
    },
    {
        "id": 326,
        "name": "326.秃头的骑马人",
        "dataUrl": "/source/mp3/yisuo/326.秃头的骑马人.mp3"
    },
    {
        "id": 327,
        "name": "327.驮盐的驴",
        "dataUrl": "/source/mp3/yisuo/327.驮盐的驴.mp3"
    },
    {
        "id": 328,
        "name": "328.太阳和青蛙",
        "dataUrl": "/source/mp3/yisuo/328.太阳和青蛙.mp3"
    },
    {
        "id": 329,
        "name": "329.逃走的穴鸟",
        "dataUrl": "/source/mp3/yisuo/329.逃走的穴鸟.mp3"
    },
    {
        "id": 330,
        "name": "330.乌龟和老鹰",
        "dataUrl": "/source/mp3/yisuo/330.乌龟和老鹰.mp3"
    },
    {
        "id": 331,
        "name": "331.乌龟和野兔",
        "dataUrl": "/source/mp3/yisuo/331.乌龟和野兔.mp3"
    },
    {
        "id": 332,
        "name": "332.蜗牛",
        "dataUrl": "/source/mp3/yisuo/332.蜗牛.mp3"
    },
    {
        "id": 333,
        "name": "333.蚊子和公牛",
        "dataUrl": "/source/mp3/yisuo/333.蚊子和公牛.mp3"
    },
    {
        "id": 334,
        "name": "334.蚊子和狮子",
        "dataUrl": "/source/mp3/yisuo/334.蚊子和狮子.mp3"
    },
    {
        "id": 335,
        "name": "335.下金蛋的母鸡",
        "dataUrl": "/source/mp3/yisuo/335.下金蛋的母鸡.mp3"
    },
    {
        "id": 336,
        "name": "336.熊和狐狸",
        "dataUrl": "/source/mp3/yisuo/336.熊和狐狸.mp3"
    },
    {
        "id": 337,
        "name": "337.星学家",
        "dataUrl": "/source/mp3/yisuo/337.星学家.mp3"
    },
    {
        "id": 338,
        "name": "338.种园人和狗",
        "dataUrl": "/source/mp3/yisuo/338.种园人和狗.mp3"
    },
    {
        "id": 339,
        "name": "339.宙斯和乌龟",
        "dataUrl": "/source/mp3/yisuo/339.宙斯和乌龟.mp3"
    },
    {
        "id": 340,
        "name": "340.宙斯和狐狸",
        "dataUrl": "/source/mp3/yisuo/340.宙斯和狐狸.mp3"
    },
    {
        "id": 341,
        "name": "341.遭受海难的人",
        "dataUrl": "/source/mp3/yisuo/341.遭受海难的人.mp3"
    },
    {
        "id": 342,
        "name": "342.宙斯和人",
        "dataUrl": "/source/mp3/yisuo/342.宙斯和人.mp3"
    },
    {
        "id": 343,
        "name": "343.宙斯和蛇",
        "dataUrl": "/source/mp3/yisuo/343.宙斯和蛇.mp3"
    },
    {
        "id": 344,
        "name": "344.宙斯和好事坛",
        "dataUrl": "/source/mp3/yisuo/344.宙斯和好事坛.mp3"
    },
    {
        "id": 345,
        "name": "345.宙斯判案",
        "dataUrl": "/source/mp3/yisuo/345.宙斯判案.mp3"
    },
    {
        "id": 346,
        "name": "346.宙斯、普罗米修斯、雅典娜和摩莫斯",
        "dataUrl": "/source/mp3/yisuo/346.宙斯、普罗米修斯、雅典娜和摩莫斯.mp3"
    },
    {
        "id": 347,
        "name": "347.宙斯与廉耻",
        "dataUrl": "/source/mp3/yisuo/347.宙斯与廉耻.mp3"
    },
    {
        "id": 348,
        "name": "348.嘴里衔肉的狗",
        "dataUrl": "/source/mp3/yisuo/348.嘴里衔肉的狗.mp3"
    },
    {
        "id": 349,
        "name": "349.中年男子和他的两个情妇",
        "dataUrl": "/source/mp3/yisuo/349.中年男子和他的两个情妇.mp3"
    },
    {
        "id": 350,
        "name": "350.占卜者",
        "dataUrl": "/source/mp3/yisuo/350.占卜者.mp3"
    }
]