[
    {
        "id": 1,
        "name": "001.宙斯和阿波罗",
        "dataUrl": "/source/mp3/yisuo/001.宙斯和阿波罗.mp3"
    },
    {
        "id": 2,
        "name": "002.爱开玩笑的牧人",
        "dataUrl": "/source/mp3/yisuo/002.爱开玩笑的牧人.mp3"
    },
    {
        "id": 3,
        "name": "003.赫耳墨斯和忒瑞西阿斯",
        "dataUrl": "/source/mp3/yisuo/003.赫耳墨斯和忒瑞西阿斯.mp3"
    },
    {
        "id": 4,
        "name": "004.被当做狮子的驴",
        "dataUrl": "/source/mp3/yisuo/004.被当做狮子的驴.mp3"
    },
    {
        "id": 5,
        "name": "005.蝙蝠和黄鼠狼",
        "dataUrl": "/source/mp3/yisuo/005.蝙蝠和黄鼠狼.mp3"
    },
    {
        "id": 6,
        "name": "006.北风和太阳",
        "dataUrl": "/source/mp3/yisuo/006.北风和太阳.mp3"
    },
    {
        "id": 7,
        "name": "007.蝙蝠、荆棘和海鸥",
        "dataUrl": "/source/mp3/yisuo/007.蝙蝠、荆棘和海鸥.mp3"
    },
    {
        "id": 8,
        "name": "008.被狗咬了的人",
        "dataUrl": "/source/mp3/yisuo/008.被狗咬了的人.mp3"
    },
    {
        "id": 9,
        "name": "009.波勒摩斯和海波丽丝",
        "dataUrl": "/source/mp3/yisuo/009.波勒摩斯和海波丽丝.mp3"
    },
    {
        "id": 10,
        "name": "010.被剪毛的羊",
        "dataUrl": "/source/mp3/yisuo/010.被剪毛的羊.mp3"
    },
    {
        "id": 11,
        "name": "011.被践踏的蛇和宙斯",
        "dataUrl": "/source/mp3/yisuo/011.被践踏的蛇和宙斯.mp3"
    },
    {
        "id": 12,
        "name": "012.被蚂蚁咬了的人和赫耳墨斯",
        "dataUrl": "/source/mp3/yisuo/012.被蚂蚁咬了的人和赫耳墨斯.mp3"
    },
    {
        "id": 13,
        "name": "013.病人和医生",
        "dataUrl": "/source/mp3/yisuo/013.病人和医生.mp3"
    },
    {
        "id": 14,
        "name": "014.半神",
        "dataUrl": "/source/mp3/yisuo/014.半神.mp3"
    },
    {
        "id": 15,
        "name": "015.被迫跳舞的骆驼",
        "dataUrl": "/source/mp3/yisuo/015.被迫跳舞的骆驼.mp3"
    },
    {
        "id": 16,
        "name": "016.吹笛的渔夫",
        "dataUrl": "/source/mp3/yisuo/016.吹笛的渔夫.mp3"
    },
    {
        "id": 17,
        "name": "017.吃的过饱的小孩",
        "dataUrl": "/source/mp3/yisuo/017.吃的过饱的小孩.mp3"
    },
    {
        "id": 18,
        "name": "018.蝉和狐狸",
        "dataUrl": "/source/mp3/yisuo/018.蝉和狐狸.mp3"
    },
    {
        "id": 19,
        "name": "019.蝉和蚂蚁",
        "dataUrl": "/source/mp3/yisuo/019.蝉和蚂蚁.mp3"
    },
    {
        "id": 20,
        "name": "020.丑陋的女奴和阿佛洛狄特",
        "dataUrl": "/source/mp3/yisuo/020.丑陋的女奴和阿佛洛狄特.mp3"
    },
    {
        "id": 21,
        "name": "021.沉船遇难的人和大海",
        "dataUrl": "/source/mp3/yisuo/021.沉船遇难的人和大海.mp3"
    },
    {
        "id": 22,
        "name": "022.初识骆驼",
        "dataUrl": "/source/mp3/yisuo/022.初识骆驼.mp3"
    },
    {
        "id": 23,
        "name": "023.池塘里的青蛙",
        "dataUrl": "/source/mp3/yisuo/023.池塘里的青蛙.mp3"
    },
    {
        "id": 24,
        "name": "024.从未见过狮子的狐狸",
        "dataUrl": "/source/mp3/yisuo/024.从未见过狮子的狐狸.mp3"
    },
    {
        "id": 25,
        "name": "025.苍蝇",
        "dataUrl": "/source/mp3/yisuo/025.苍蝇.mp3"
    },
    {
        "id": 26,
        "name": "026.苍蝇",
        "dataUrl": "/source/mp3/yisuo/026.苍蝇.mp3"
    },
    {
        "id": 27,
        "name": "027.第欧根尼和秃子",
        "dataUrl": "/source/mp3/yisuo/027.第欧根尼和秃子.mp3"
    },
    {
        "id": 28,
        "name": "028.代管钱财失的人和荷耳科斯神",
        "dataUrl": "/source/mp3/yisuo/028.代管钱财失的人和荷耳科斯神.mp3"
    },
    {
        "id": 29,
        "name": "029.赫耳墨斯和雕刻匠",
        "dataUrl": "/source/mp3/yisuo/029.赫耳墨斯和雕刻匠.mp3"
    },
    {
        "id": 30,
        "name": "030.断了尾巴的狐狸",
        "dataUrl": "/source/mp3/yisuo/030.断了尾巴的狐狸.mp3"
    },
    {
        "id": 31,
        "name": "031.大鹿和小鹿",
        "dataUrl": "/source/mp3/yisuo/031.大鹿和小鹿.mp3"
    },
    {
        "id": 32,
        "name": "032.鸫鸟",
        "dataUrl": "/source/mp3/yisuo/032.鸫鸟.mp3"
    },
    {
        "id": 33,
        "name": "033.捕鸟人和毒蛇",
        "dataUrl": "/source/mp3/yisuo/033.捕鸟人和毒蛇.mp3"
    },
    {
        "id": 34,
        "name": "034.冬天和春天",
        "dataUrl": "/source/mp3/yisuo/034.冬天和春天.mp3"
    },
    {
        "id": 35,
        "name": "035.胆小的猎手和伐木人",
        "dataUrl": "/source/mp3/yisuo/035.胆小的猎手和伐木人.mp3"
    },
    {
        "id": 36,
        "name": "036.大鸦和狐狸",
        "dataUrl": "/source/mp3/yisuo/036.大鸦和狐狸.mp3"
    },
    {
        "id": 37,
        "name": "037.大鸦和赫耳墨斯",
        "dataUrl": "/source/mp3/yisuo/037.大鸦和赫耳墨斯.mp3"
    },
    {
        "id": 38,
        "name": "038.大鸦和蛇",
        "dataUrl": "/source/mp3/yisuo/038.大鸦和蛇.mp3"
    },
    {
        "id": 39,
        "name": "039.肚胀的狐狸",
        "dataUrl": "/source/mp3/yisuo/039.肚胀的狐狸.mp3"
    },
    {
        "id": 40,
        "name": "040.肚子和脚",
        "dataUrl": "/source/mp3/yisuo/040.肚子和脚.mp3"
    },
    {
        "id": 41,
        "name": "041.饿狗",
        "dataUrl": "/source/mp3/yisuo/041.饿狗.mp3"
    },
    {
        "id": 42,
        "name": "042.儿子和画中的狮子",
        "dataUrl": "/source/mp3/yisuo/042.儿子和画中的狮子.mp3"
    },
    {
        "id": 43,
        "name": "043.懦夫和大鸦",
        "dataUrl": "/source/mp3/yisuo/043.懦夫和大鸦.mp3"
    },
    {
        "id": 44,
        "name": "044.父亲和他的俩个女儿",
        "dataUrl": "/source/mp3/yisuo/044.父亲和他的俩个女儿.mp3"
    },
    {
        "id": 45,
        "name": "045.富人和哭丧婆",
        "dataUrl": "/source/mp3/yisuo/045.富人和哭丧婆.mp3"
    },
    {
        "id": 46,
        "name": "046.发现金狮子的人",
        "dataUrl": "/source/mp3/yisuo/046.发现金狮子的人.mp3"
    },
    {
        "id": 47,
        "name": "047.寡妇和母鸡",
        "dataUrl": "/source/mp3/yisuo/047.寡妇和母鸡.mp3"
    },
    {
        "id": 48,
        "name": "048.寡妇和女奴",
        "dataUrl": "/source/mp3/yisuo/048.寡妇和女奴.mp3"
    },
    {
        "id": 49,
        "name": "049.狗和狼",
        "dataUrl": "/source/mp3/yisuo/049.狗和狼.mp3"
    },
    {
        "id": 50,
        "name": "050.狗和狼",
        "dataUrl": "/source/mp3/yisuo/050.狗和狼.mp3"
    }
]