[
    {
        "id": 1,
        "name": "001青蛙王子.MP3",
        "dataUrl": "/source/mp3/gelin/001青蛙王子.MP3"
    },
    {
        "id": 2,
        "name": "002刺猬人汉斯",
        "dataUrl": "/source/mp3/gelin/002刺猬人汉斯.mp3"
    },
    {
        "id": 3,
        "name": "003三个愿望",
        "dataUrl": "/source/mp3/gelin/003三个愿望.mp3"
    },
    {
        "id": 4,
        "name": "004两个蛤蟆的故事",
        "dataUrl": "/source/mp3/gelin/004两个蛤蟆的故事.mp3"
    },
    {
        "id": 5,
        "name": "005六个仆人",
        "dataUrl": "/source/mp3/gelin/005六个仆人.mp3"
    },
    {
        "id": 6,
        "name": "006黑白新娘",
        "dataUrl": "/source/mp3/gelin/006黑白新娘.mp3"
    },
    {
        "id": 7,
        "name": "007铁汉斯的故事",
        "dataUrl": "/source/mp3/gelin/007铁汉斯的故事.mp3"
    },
    {
        "id": 8,
        "name": "008三个黑公主",
        "dataUrl": "/source/mp3/gelin/008三个黑公主.mp3"
    },
    {
        "id": 9,
        "name": "009三个儿子",
        "dataUrl": "/source/mp3/gelin/009三个儿子.mp3"
    },
    {
        "id": 10,
        "name": "010布拉克尔的姑娘",
        "dataUrl": "/source/mp3/gelin/010布拉克尔的姑娘.mp3"
    },
    {
        "id": 11,
        "name": "011小羊和小鱼",
        "dataUrl": "/source/mp3/gelin/011小羊和小鱼.mp3"
    },
    {
        "id": 12,
        "name": "012泽姆西山",
        "dataUrl": "/source/mp3/gelin/012泽姆西山.mp3"
    },
    {
        "id": 13,
        "name": "013旅行去",
        "dataUrl": "/source/mp3/gelin/013旅行去.mp3"
    },
    {
        "id": 14,
        "name": "014不孝的儿子",
        "dataUrl": "/source/mp3/gelin/014不孝的儿子.mp3"
    },
    {
        "id": 15,
        "name": "015要饭的老太婆",
        "dataUrl": "/source/mp3/gelin/015要饭的老太婆.mp3"
    },
    {
        "id": 16,
        "name": "016牧童",
        "dataUrl": "/source/mp3/gelin/016牧童.mp3"
    },
    {
        "id": 17,
        "name": "017雄鸡驼木梁",
        "dataUrl": "/source/mp3/gelin/017雄鸡驼木梁.mp3"
    },
    {
        "id": 18,
        "name": "018三个懒人",
        "dataUrl": "/source/mp3/gelin/018三个懒人.mp3"
    },
    {
        "id": 19,
        "name": "019星币",
        "dataUrl": "/source/mp3/gelin/019星币.mp3"
    },
    {
        "id": 20,
        "name": "020选择未婚妻",
        "dataUrl": "/source/mp3/gelin/020选择未婚妻.mp3"
    },
    {
        "id": 21,
        "name": "021小弟弟和小姐姐",
        "dataUrl": "/source/mp3/gelin/021小弟弟和小姐姐.mp3"
    },
    {
        "id": 22,
        "name": "022扔掉的料子.MP3",
        "dataUrl": "/source/mp3/gelin/022扔掉的料子.MP3"
    },
    {
        "id": 23,
        "name": "023一个极乐世界的童话.MP3",
        "dataUrl": "/source/mp3/gelin/023一个极乐世界的童话.MP3"
    },
    {
        "id": 24,
        "name": "024进天堂的农夫.MP3",
        "dataUrl": "/source/mp3/gelin/024进天堂的农夫.MP3"
    },
    {
        "id": 25,
        "name": "025瘦丽斯.MP3",
        "dataUrl": "/source/mp3/gelin/025瘦丽斯.MP3"
    },
    {
        "id": 26,
        "name": "026跳破的舞鞋",
        "dataUrl": "/source/mp3/gelin/026跳破的舞鞋.mp3"
    },
    {
        "id": 27,
        "name": "027不可置信的童话",
        "dataUrl": "/source/mp3/gelin/027不可置信的童话.mp3"
    },
    {
        "id": 28,
        "name": "028谜语童话",
        "dataUrl": "/source/mp3/gelin/028谜语童话.mp3"
    },
    {
        "id": 29,
        "name": "029家仆",
        "dataUrl": "/source/mp3/gelin/029家仆.mp3"
    },
    {
        "id": 30,
        "name": "030驴孩子",
        "dataUrl": "/source/mp3/gelin/030驴孩子.mp3"
    },
    {
        "id": 31,
        "name": "031金钥匙",
        "dataUrl": "/source/mp3/gelin/031金钥匙.mp3"
    },
    {
        "id": 32,
        "name": "032铁钉",
        "dataUrl": "/source/mp3/gelin/032铁钉.mp3"
    },
    {
        "id": 33,
        "name": "033同甘共苦",
        "dataUrl": "/source/mp3/gelin/033同甘共苦.mp3"
    },
    {
        "id": 34,
        "name": "034比目鱼",
        "dataUrl": "/source/mp3/gelin/034比目鱼.mp3"
    },
    {
        "id": 35,
        "name": "035公主的婚礼",
        "dataUrl": "/source/mp3/gelin/035公主的婚礼.mp3"
    },
    {
        "id": 36,
        "name": "036睡美人",
        "dataUrl": "/source/mp3/gelin/036睡美人.mp3"
    },
    {
        "id": 37,
        "name": "037大麻鸟和戴胜鸟",
        "dataUrl": "/source/mp3/gelin/037大麻鸟和戴胜鸟.mp3"
    },
    {
        "id": 38,
        "name": "038桌子上的面包屑",
        "dataUrl": "/source/mp3/gelin/038桌子上的面包屑.mp3"
    },
    {
        "id": 39,
        "name": "039麦穗",
        "dataUrl": "/source/mp3/gelin/039麦穗.mp3"
    },
    {
        "id": 40,
        "name": "040死神的使者",
        "dataUrl": "/source/mp3/gelin/040死神的使者.mp3"
    },
    {
        "id": 41,
        "name": "041农夫和魔鬼",
        "dataUrl": "/source/mp3/gelin/041农夫和魔鬼.mp3"
    },
    {
        "id": 42,
        "name": "042白玫瑰与红玫瑰",
        "dataUrl": "/source/mp3/gelin/042白玫瑰与红玫瑰.mp3"
    },
    {
        "id": 43,
        "name": "043圣母的孩子",
        "dataUrl": "/source/mp3/gelin/043圣母的孩子.mp3"
    },
    {
        "id": 44,
        "name": "044和猫交朋友的老鼠",
        "dataUrl": "/source/mp3/gelin/044和猫交朋友的老鼠.mp3"
    },
    {
        "id": 45,
        "name": "045灰姑娘",
        "dataUrl": "/source/mp3/gelin/045灰姑娘.mp3"
    },
    {
        "id": 46,
        "name": "046奇特的乐师",
        "dataUrl": "/source/mp3/gelin/046奇特的乐师.mp3"
    },
    {
        "id": 47,
        "name": "047森林里的三个小矮人",
        "dataUrl": "/source/mp3/gelin/047森林里的三个小矮人.mp3"
    },
    {
        "id": 48,
        "name": "048三个纺线女",
        "dataUrl": "/source/mp3/gelin/048三个纺线女.mp3"
    },
    {
        "id": 49,
        "name": "049麦秆煤和豆子",
        "dataUrl": "/source/mp3/gelin/049麦秆煤和豆子.mp3"
    },
    {
        "id": 50,
        "name": "050老鼠鸟香肠",
        "dataUrl": "/source/mp3/gelin/050老鼠鸟香肠.mp3"
    }
]