[
    {
        "id": 201,
        "name": "201.三头公牛和一只狮子",
        "dataUrl": "/source/mp3/yisuo/201.三头公牛和一只狮子.mp3"
    },
    {
        "id": 202,
        "name": "202.烧炭人和漂洗工",
        "dataUrl": "/source/mp3/yisuo/202.烧炭人和漂洗工.mp3"
    },
    {
        "id": 203,
        "name": "203.蛇尾蛇头和蛇身",
        "dataUrl": "/source/mp3/yisuo/203.蛇尾蛇头和蛇身.mp3"
    },
    {
        "id": 204,
        "name": "204.山鸦和大鸦",
        "dataUrl": "/source/mp3/yisuo/204.山鸦和大鸦.mp3"
    },
    {
        "id": 205,
        "name": "205.山鸦和狗",
        "dataUrl": "/source/mp3/yisuo/205.山鸦和狗.mp3"
    },
    {
        "id": 206,
        "name": "206.山羊和驴",
        "dataUrl": "/source/mp3/yisuo/206.山羊和驴.mp3"
    },
    {
        "id": 207,
        "name": "207.山羊和牧人",
        "dataUrl": "/source/mp3/yisuo/207.山羊和牧人.mp3"
    },
    {
        "id": 208,
        "name": "208.山羊和葡萄树",
        "dataUrl": "/source/mp3/yisuo/208.山羊和葡萄树.mp3"
    },
    {
        "id": 209,
        "name": "209.赫耳墨斯和手艺人",
        "dataUrl": "/source/mp3/yisuo/209.赫耳墨斯和手艺人.mp3"
    },
    {
        "id": 210,
        "name": "210.牧牛人和狮子",
        "dataUrl": "/source/mp3/yisuo/210.牧牛人和狮子.mp3"
    },
    {
        "id": 211,
        "name": "211.狮子的王道",
        "dataUrl": "/source/mp3/yisuo/211.狮子的王道.mp3"
    },
    {
        "id": 212,
        "name": "212.狮子和公牛",
        "dataUrl": "/source/mp3/yisuo/212.狮子和公牛.mp3"
    },
    {
        "id": 213,
        "name": "213.狮子和驴",
        "dataUrl": "/source/mp3/yisuo/213.狮子和驴.mp3"
    },
    {
        "id": 214,
        "name": "214.狮子、狐狸和牡鹿",
        "dataUrl": "/source/mp3/yisuo/214.狮子、狐狸和牡鹿.mp3"
    },
    {
        "id": 215,
        "name": "215.狮子和牡鹿",
        "dataUrl": "/source/mp3/yisuo/215.狮子和牡鹿.mp3"
    },
    {
        "id": 216,
        "name": "216.狮子和农夫",
        "dataUrl": "/source/mp3/yisuo/216.狮子和农夫.mp3"
    },
    {
        "id": 217,
        "name": "217.狮子和农夫",
        "dataUrl": "/source/mp3/yisuo/217.狮子和农夫.mp3"
    },
    {
        "id": 218,
        "name": "218.狮子和老鼠",
        "dataUrl": "/source/mp3/yisuo/218.狮子和老鼠.mp3"
    },
    {
        "id": 219,
        "name": "219.狮子和海豚",
        "dataUrl": "/source/mp3/yisuo/219.狮子和海豚.mp3"
    },
    {
        "id": 220,
        "name": "220.狮子、普罗米修斯和大象",
        "dataUrl": "/source/mp3/yisuo/220.狮子、普罗米修斯和大象.mp3"
    },
    {
        "id": 221,
        "name": "221.狮子和青蛙",
        "dataUrl": "/source/mp3/yisuo/221.狮子和青蛙.mp3"
    },
    {
        "id": 222,
        "name": "222.狮子熊和狐狸",
        "dataUrl": "/source/mp3/yisuo/222.狮子熊和狐狸.mp3"
    },
    {
        "id": 223,
        "name": "223.狮子和野驴",
        "dataUrl": "/source/mp3/yisuo/223.狮子和野驴.mp3"
    },
    {
        "id": 224,
        "name": "224.狮子和野兔",
        "dataUrl": "/source/mp3/yisuo/224.狮子和野兔.mp3"
    },
    {
        "id": 225,
        "name": "225.狮子和野猪",
        "dataUrl": "/source/mp3/yisuo/225.狮子和野猪.mp3"
    },
    {
        "id": 226,
        "name": "226.天鹅和他的主人",
        "dataUrl": "/source/mp3/yisuo/226.天鹅和他的主人.mp3"
    },
    {
        "id": 227,
        "name": "227.陶罐和铜罐",
        "dataUrl": "/source/mp3/yisuo/227.陶罐和铜罐.mp3"
    },
    {
        "id": 228,
        "name": "228.跳蚤和牛",
        "dataUrl": "/source/mp3/yisuo/228.跳蚤和牛.mp3"
    },
    {
        "id": 229,
        "name": "229.跳蚤和拳师",
        "dataUrl": "/source/mp3/yisuo/229.跳蚤和拳师.mp3"
    },
    {
        "id": 230,
        "name": "230.跳蚤和人",
        "dataUrl": "/source/mp3/yisuo/230.跳蚤和人.mp3"
    },
    {
        "id": 231,
        "name": "231.瞎了一只眼的鹿",
        "dataUrl": "/source/mp3/yisuo/231.瞎了一只眼的鹿.mp3"
    },
    {
        "id": 232,
        "name": "232.学马叫的鸢",
        "dataUrl": "/source/mp3/yisuo/232.学马叫的鸢.mp3"
    },
    {
        "id": 233,
        "name": "233.幸免一死的天鹅",
        "dataUrl": "/source/mp3/yisuo/233.幸免一死的天鹅.mp3"
    },
    {
        "id": 234,
        "name": "234.穴鸟和大鸦",
        "dataUrl": "/source/mp3/yisuo/234.穴鸟和大鸦.mp3"
    },
    {
        "id": 235,
        "name": "235.小牛和公牛",
        "dataUrl": "/source/mp3/yisuo/235.小牛和公牛.mp3"
    },
    {
        "id": 236,
        "name": "236.穴鸟和鸽子",
        "dataUrl": "/source/mp3/yisuo/236.穴鸟和鸽子.mp3"
    },
    {
        "id": 237,
        "name": "237.穴鸟和狐狸",
        "dataUrl": "/source/mp3/yisuo/237.穴鸟和狐狸.mp3"
    },
    {
        "id": 238,
        "name": "238.穴鸟和鸟类",
        "dataUrl": "/source/mp3/yisuo/238.穴鸟和鸟类.mp3"
    },
    {
        "id": 239,
        "name": "239.小偷和公鸡",
        "dataUrl": "/source/mp3/yisuo/239.小偷和公鸡.mp3"
    },
    {
        "id": 240,
        "name": "240.小偷和他的母亲",
        "dataUrl": "/source/mp3/yisuo/240.小偷和他的母亲.mp3"
    },
    {
        "id": 241,
        "name": "241.小山羊和狼",
        "dataUrl": "/source/mp3/yisuo/241.小山羊和狼.mp3"
    },
    {
        "id": 242,
        "name": "242.小山羊和狼",
        "dataUrl": "/source/mp3/yisuo/242.小山羊和狼.mp3"
    },
    {
        "id": 243,
        "name": "243.洗澡的小孩",
        "dataUrl": "/source/mp3/yisuo/243.洗澡的小孩.mp3"
    },
    {
        "id": 244,
        "name": "244.小猪和羊",
        "dataUrl": "/source/mp3/yisuo/244.小猪和羊.mp3"
    },
    {
        "id": 245,
        "name": "245.油灯",
        "dataUrl": "/source/mp3/yisuo/245.油灯.mp3"
    },
    {
        "id": 246,
        "name": "246.赫拉克勒斯和雅典娜",
        "dataUrl": "/source/mp3/yisuo/246.赫拉克勒斯和雅典娜.mp3"
    },
    {
        "id": 247,
        "name": "247.雅典的欠债人",
        "dataUrl": "/source/mp3/yisuo/247.雅典的欠债人.mp3"
    },
    {
        "id": 248,
        "name": "248.渔夫",
        "dataUrl": "/source/mp3/yisuo/248.渔夫.mp3"
    },
    {
        "id": 249,
        "name": "249.渔夫和金枪鱼",
        "dataUrl": "/source/mp3/yisuo/249.渔夫和金枪鱼.mp3"
    },
    {
        "id": 250,
        "name": "250.渔夫和金枪鱼",
        "dataUrl": "/source/mp3/yisuo/250.渔夫和金枪鱼.mp3"
    }
]