[
  {
    "icon": "/source/svg/math.plus.svg",
    "name": "1年级",
    "desc": "1年级学习考试资料下载",
    "child":[
      {
        "name": "睡前故事",
        "desc": "适用于0-3岁的睡前故事"
      },
      {
        "name": "音乐",
        "desc": "适用于0-3岁的音乐"
      },
      {
        "name": "动画",
        "desc": "适用于0-3岁的动画"
      }
    ]
  },
  {
    "icon": "/source/svg/math.plus.svg",
    "name": "2年级",
    "desc": "2年级学习考试资料下载",
    "child":[
      {
        "name": "睡前故事",
        "desc": "适用于0-3岁的睡前故事"
      },
      {
        "name": "音乐",
        "desc": "适用于0-3岁的音乐"
      },
      {
        "name": "动画",
        "desc": "适用于0-3岁的动画"
      }
    ]
  }
]