[
      {
        "url": "/www/gameMemory/index.html",
        "src": "",
        "icon": "/source/svg/memory.svg",
        "name": "记忆力训练",
        "desc": "记忆力测评与训练。"
      },
    {
      "url": "/www/gameColor/index.html",
      "src": "",
      "icon": "/source/svg/color.svg",
      "name": "烧脑颜色",
      "desc": "一款极具挑战性的益智游戏。游戏中，不同的颜色相互交织，考验着玩家的观察力、记忆力和逻辑思维能力。"
    },

  {
    "url": "/www/gamePipesRush/index.html",
    "src": "",
    "icon": "/source/svg/waterPipe.svg",
    "name": "接水管游戏",
    "desc": "锻炼你的想象力。"
  },


  {
    "url": "/www/gameWuzi/index.html",
    "src": "",
    "icon": "/source/svg/wzq.svg",
    "name": "五子棋",
    "desc": "魅力益智五子棋。"
  },
  {
    "url": "/www/gameChess/index.html",
    "src": "",
    "icon": "/source/svg/chinese.chess.svg",
    "name": "中国象棋",
    "desc": "中国象棋，助力智力开发。"
  }


]