[
  {"english": "red","imageData": "red.svg","chinese": "红","pinyin": "hong"},
  {"english": "purple","imageData": "purple.svg","chinese": "紫","pinyin": "zi"},
  {"english": "pink","imageData": "pink.svg","chinese": "粉","pinyin": "fen"},
  {"english": "orange","imageData": "orange.svg","chinese": "橙","pinyin": "cheng"},
  {"english": "black","imageData": "black.svg","chinese": "黑","pinyin": "hei"},
  {"english": "blue","imageData": "blue.svg","chinese": "蓝","pinyin": "lan"},
  {"english": "green","imageData": "green.svg","chinese": "绿","pinyin": "lv"},
  {"english": "white","imageData": "white.svg","chinese": "白","pinyin": "bai"},
  {"english": "yellow","imageData": "yellow.svg","chinese": "黄","pinyin": "huang"},
  {"english": "brown","imageData": "brown.svg","chinese": "棕","pinyin": "zong"},
  {"english": "grey","imageData": "grey.svg","chinese": "灰","pinyin": "hui"}
]
