[
    {
        "english": "a",
        "imageData": "a.blue.svg",
        "chinese": "a",
        "pinyin": "a"
    },
    {
        "english": "b",
        "imageData": "b.blue.svg",
        "chinese": "b",
        "pinyin": "b"
    },
    {
        "english": "c",
        "imageData": "c.blue.svg",
        "chinese": "c",
        "pinyin": "c"
    },
    {
        "english": "d",
        "imageData": "d.blue.svg",
        "chinese": "d",
        "pinyin": "d"
    },
    {
        "english": "e",
        "imageData": "e.blue.svg",
        "chinese": "e",
        "pinyin": "e"
    },
    {
        "english": "f",
        "imageData": "f.blue.svg",
        "chinese": "f",
        "pinyin": "f"
    },
    {
        "english": "g",
        "imageData": "g.blue.svg",
        "chinese": "g",
        "pinyin": "g"
    },
    {
        "english": "h",
        "imageData": "h.blue.svg",
        "chinese": "h",
        "pinyin": "h"
    },
    {
        "english": "i",
        "imageData": "i.blue.svg",
        "chinese": "i",
        "pinyin": "i"
    },
    {
        "english": "j",
        "imageData": "j.blue.svg",
        "chinese": "j",
        "pinyin": "j"
    },
    {
        "english": "k",
        "imageData": "k.blue.svg",
        "chinese": "k",
        "pinyin": "k"
    },
    {
        "english": "l",
        "imageData": "l.blue.svg",
        "chinese": "l",
        "pinyin": "l"
    },
    {
        "english": "m",
        "imageData": "m.blue.svg",
        "chinese": "m",
        "pinyin": "m"
    },
    {
        "english": "n",
        "imageData": "n.blue.svg",
        "chinese": "n",
        "pinyin": "n"
    },
    {
        "english": "o",
        "imageData": "o.blue.svg",
        "chinese": "o",
        "pinyin": "o"
    },
    {
        "english": "p",
        "imageData": "p.blue.svg",
        "chinese": "p",
        "pinyin": "p"
    },
    {
        "english": "q",
        "imageData": "q.blue.svg",
        "chinese": "q",
        "pinyin": "q"
    },
    {
        "english": "r",
        "imageData": "r.blue.svg",
        "chinese": "r",
        "pinyin": "r"
    },
    {
        "english": "s",
        "imageData": "s.blue.svg",
        "chinese": "s",
        "pinyin": "s"
    },
    {
        "english": "t",
        "imageData": "t.blue.svg",
        "chinese": "t",
        "pinyin": "t"
    },
    {
        "english": "u",
        "imageData": "u.blue.svg",
        "chinese": "u",
        "pinyin": "u"
    },
    {
        "english": "v",
        "imageData": "v.blue.svg",
        "chinese": "v",
        "pinyin": "v"
    },
    {
        "english": "w",
        "imageData": "w.blue.svg",
        "chinese": "w",
        "pinyin": "w"
    },
    {
        "english": "s",
        "imageData": "s.blue.svg",
        "chinese": "s",
        "pinyin": "s"
    },
    {
        "english": "x",
        "imageData": "x.blue.svg",
        "chinese": "x",
        "pinyin": "x"
    },
    {
        "english": "y",
        "imageData": "y.blue.svg",
        "chinese": "y",
        "pinyin": "y"
    },
    {
        "english": "z",
        "imageData": "z.blue.svg",
        "chinese": "z",
        "pinyin": "z"
    }
]