[
  {"english": "radish","imageData": "radish.svg","chinese": "萝卜","pinyin": "luo-bo"},

  {"english": "carrot","imageData": "carrot.svg","chinese": "胡萝卜","pinyin": "hu-luo-bo"},



  {"english": "potato","imageData": "potato.svg","chinese": "土豆","pinyin": "tu-dou"},
  {"english": "peas","imageData": "peas.svg","chinese": "豌豆","pinyin": "wan-dou"},


  {"english": "broccoli","imageData": "broccoli.svg","chinese": "西蓝花","pinyin": "xi-lan-hua"},
  {"english": "cabbage","imageData": "cabbage.png","chinese": "卷心菜","pinyin": "juan-xin-cai"},
  {"english": "pumpkin","imageData": "pumpkin.svg","chinese": "南瓜","pinyin": "nan-gua"},
  {"english": "white-gourd","imageData": "whiteGourd.jpg","chinese": "冬瓜","pinyin": "dong-gua"},


  {"english": "bean-sprout","imageData": "beanSprout.svg","chinese": "绿豆芽","pinyin": "lv-dou-ya"},

  {"english": "bamboo-shoot","imageData": "bambooShoot.svg","chinese": "竹笋","pinyin": "zhu-sun"},

  {"english": "chili","imageData": "chili.svg","chinese": "辣椒","pinyin": "la-jiao"},


  {"english": "onion","imageData": "onion.svg","chinese": "洋葱","pinyin": "yang-cong"},

  {"english": "mushroom","imageData": "mushroom.svg","chinese": "蘑菇","pinyin": "mo-gu"},
  {"english": "lotus-root","imageData": "lotusRoot.svg","chinese": "莲藕","pinyin": "lian-ou"},



  {"english": "romaine","imageData": "romaine.svg","chinese": "生菜","pinyin": "sheng-cai"},


  {"english": "red-bean","imageData": "redBean.jpg","chinese": "红色的豆","pinyin": "hong-se-de-dou"},

  {"english": "soybean","imageData": "soybean.svg","chinese": "大豆","pinyin": "da-dou"},
  {"english": "soybean-sprout","imageData": "soybeanSprout.jpg","chinese": "黄豆芽","pinyin": "huang-da-dou"},
  {"english": "water-spinach","imageData": "waterSpinach.jpg","chinese": "空心菜","pinyin": "kong-xin-cai"},



  {"english": "ginger","imageData": "ginger.svg","chinese": "姜","pinyin": "jiang"}


]